node_index,zone_id,is_centroid
0,24,0
1,24,0
2,151,0
3,24,0
4,24,0
5,24,0
6,151,0
7,151,0
8,24,0
9,24,0
10,24,0
11,24,0
12,151,1
13,151,0
14,151,0
15,24,0
16,151,0
17,151,0
18,151,0
19,24,0
20,24,0
21,151,0
22,151,0
23,151,0
24,24,0
25,24,0
26,151,0
27,24,0
28,24,0
29,24,0
30,24,0
31,24,0
32,151,0
33,24,0
34,151,0
35,151,0
36,24,0
37,151,0
38,151,0
39,151,0
40,151,0
41,24,0
42,151,0
43,24,0
44,24,0
45,239,0
46,239,0
47,239,0
48,239,0
49,239,0
50,239,0
51,239,0
52,239,0
53,239,0
54,239,0
55,239,0
56,239,0
57,239,0
58,239,0
59,239,0
60,239,0
61,239,0
62,239,0
63,239,0
64,239,0
65,239,0
66,239,0
67,239,0
68,239,0
69,239,0
70,239,0
71,239,0
72,239,0
73,239,0
74,239,0
75,239,0
76,239,0
77,239,0
78,239,0
79,239,0
80,239,0
81,239,0
82,239,0
83,239,0
84,239,0
85,243,0
86,243,0
87,243,0
88,243,0
89,243,0
90,243,0
91,243,0
92,243,0
93,243,0
94,243,0
95,243,0
96,243,0
97,243,0
98,243,1
99,243,0
100,243,0
101,243,0
102,243,0
103,243,0
104,243,0
105,243,0
106,243,0
107,243,1
108,243,0
109,120,0
110,120,0
111,243,0
112,243,0
113,243,0
114,239,0
115,239,0
116,239,0
117,239,0
118,239,0
119,239,0
120,239,0
121,239,0
122,239,0
123,43,0
124,238,0
125,238,0
126,239,0
127,239,0
128,239,0
129,238,0
130,239,0
131,238,0
132,238,0
133,239,0
134,239,0
135,239,0
136,239,0
137,239,0
138,239,0
139,238,0
140,239,0
141,238,0
142,238,0
143,238,0
144,238,0
145,4,0
146,4,0
147,4,0
148,4,0
149,4,0
150,4,0
151,4,0
152,4,0
153,4,0
154,4,0
155,4,0
156,4,0
157,79,0
158,79,0
159,79,0
160,4,0
161,4,0
162,166,0
163,166,0
164,152,0
165,166,0
166,166,0
167,166,0
168,152,0
169,166,0
170,152,0
171,166,0
172,166,0
173,166,0
174,166,0
175,166,0
176,166,0
177,152,0
178,166,0
179,166,0
180,152,0
181,152,0
182,166,0
183,166,0
184,166,0
185,166,0
186,166,0
187,166,0
188,166,0
189,166,0
190,166,0
191,166,0
192,166,0
193,166,0
194,166,0
195,166,0
196,113,0
197,249,0
198,113,0
199,249,0
200,113,0
201,113,0
202,113,0
203,249,0
204,249,0
205,249,0
206,113,0
207,113,0
208,113,0
209,113,0
210,113,0
211,113,0
212,113,0
213,249,0
214,249,0
215,249,0
216,249,0
217,249,0
218,113,0
219,87,0
220,87,0
221,87,0
222,87,0
223,88,0
224,87,0
225,87,0
226,87,0
227,87,0
228,88,0
229,88,0
230,88,0
231,88,0
232,87,0
233,87,0
234,87,0
235,87,0
236,87,0
237,87,0
238,87,0
239,87,0
240,88,0
241,88,0
242,87,0
243,87,0
244,88,0
245,88,0
246,88,0
247,88,0
248,88,0
249,142,0
250,142,0
251,142,0
252,142,0
253,142,0
254,142,0
255,142,0
256,142,0
257,142,0
258,142,0
259,142,0
260,142,0
261,142,0
262,142,0
263,142,0
264,142,0
265,142,0
266,143,0
267,142,0
268,142,0
269,142,0
270,142,0
271,142,0
272,142,0
273,143,0
274,143,0
275,143,0
276,143,0
277,143,0
278,143,0
279,143,0
280,143,0
281,143,0
282,143,0
283,143,0
284,143,0
285,50,0
286,238,0
287,238,0
288,238,0
289,238,0
290,238,0
291,238,0
292,238,0
293,238,0
294,238,0
295,238,0
296,238,0
297,238,0
298,238,0
299,238,0
300,238,0
301,238,0
302,238,0
303,238,0
304,238,0
305,238,0
306,238,0
307,238,0
308,238,0
309,238,0
310,238,0
311,238,0
312,238,0
313,238,0
314,238,0
315,238,0
316,238,0
317,238,0
318,238,0
319,238,0
320,13,0
321,13,0
322,13,0
323,13,0
324,261,0
325,13,0
326,13,0
327,13,0
328,13,0
329,261,0
330,13,0
331,13,0
332,231,0
333,13,0
334,231,0
335,261,0
336,261,0
337,261,0
338,261,0
339,261,0
340,261,0
341,261,0
342,261,0
343,261,0
344,261,0
345,87,0
346,261,0
347,261,0
348,87,0
349,87,1
350,261,0
351,261,0
352,87,0
353,87,0
354,261,0
355,87,0
356,261,0
357,87,0
358,87,0
359,87,0
360,209,0
361,87,0
362,87,0
363,87,0
364,74,0
365,74,0
366,74,0
367,74,0
368,74,0
369,74,0
370,74,1
371,74,0
372,74,0
373,194,0
374,194,0
375,194,0
376,246,0
377,246,0
378,246,0
379,246,0
380,246,0
381,246,0
382,68,0
383,246,0
384,246,0
385,209,0
386,209,0
387,45,0
388,209,0
389,232,0
390,209,0
391,209,0
392,209,0
393,209,0
394,232,0
395,209,0
396,209,0
397,209,0
398,45,0
399,45,0
400,209,0
401,209,0
402,87,0
403,209,0
404,209,0
405,209,0
406,45,0
407,45,0
408,238,0
409,238,0
410,238,1
411,238,0
412,238,0
413,74,0
414,137,0
415,137,0
416,137,0
417,137,0
418,233,0
419,137,0
420,239,0
421,233,0
422,170,0
423,170,0
424,233,0
425,233,0
426,170,0
427,170,0
428,170,0
429,233,0
430,233,0
431,233,0
432,170,0
433,170,0
434,170,0
435,170,0
436,170,0
437,170,0
438,170,0
439,170,0
440,170,0
441,170,0
442,170,0
443,137,0
444,232,0
445,232,0
446,232,0
447,232,0
448,232,0
449,232,0
450,232,0
451,232,0
452,4,0
453,4,0
454,232,0
455,4,0
456,224,0
457,232,0
458,4,0
459,224,0
460,137,0
461,239,0
462,120,0
463,244,0
464,120,0
465,120,0
466,244,0
467,244,0
468,244,0
469,120,0
470,120,0
471,244,0
472,244,0
473,244,0
474,244,0
475,244,0
476,120,0
477,120,0
478,120,0
479,120,0
480,120,0
481,120,0
482,120,0
483,244,0
484,244,0
485,244,0
486,74,0
487,74,0
488,74,0
489,74,0
490,74,0
491,74,0
492,74,0
493,74,0
494,74,0
495,74,0
496,74,0
497,74,0
498,74,0
499,74,0
500,74,0
501,74,0
502,74,0
503,74,0
504,74,0
505,232,0
506,232,0
507,232,0
508,232,0
509,232,0
510,232,0
511,232,0
512,232,0
513,232,0
514,45,0
515,232,0
516,209,0
517,45,0
518,125,0
519,125,0
520,125,0
521,125,0
522,125,0
523,125,0
524,125,0
525,125,0
526,125,0
527,4,0
528,4,0
529,229,0
530,229,0
531,229,0
532,229,0
533,229,0
534,229,0
535,229,0
536,229,0
537,229,0
538,140,0
539,229,0
540,162,0
541,229,0
542,229,0
543,229,0
544,140,0
545,141,0
546,140,0
547,140,0
548,141,0
549,141,0
550,141,0
551,141,0
552,141,0
553,141,0
554,141,0
555,140,0
556,237,0
557,141,0
558,43,0
559,43,0
560,43,0
561,163,0
562,142,1
563,43,0
564,163,0
565,163,0
566,142,0
567,43,0
568,163,0
569,163,0
570,163,0
571,163,0
572,141,0
573,140,0
574,141,0
575,140,0
576,140,0
577,141,0
578,140,0
579,140,0
580,140,0
581,140,0
582,237,0
583,141,0
584,137,0
585,137,0
586,137,0
587,224,0
588,137,0
589,137,0
590,246,0
591,246,0
592,246,0
593,246,0
594,246,0
595,246,0
596,48,0
597,246,0
598,246,0
599,246,0
600,246,0
601,246,0
602,246,0
603,246,0
604,246,0
605,48,0
606,48,0
607,48,0
608,75,0
609,75,0
610,75,0
611,74,0
612,262,0
613,75,0
614,74,0
615,262,0
616,75,0
617,75,0
618,143,0
619,143,0
620,143,0
621,239,1
622,239,0
623,143,0
624,143,0
625,143,1
626,143,0
627,239,0
628,143,0
629,142,0
630,142,0
631,143,0
632,143,0
633,239,0
634,141,0
635,229,0
636,229,0
637,74,0
638,74,0
639,74,0
640,74,0
641,74,0
642,74,0
643,75,0
644,74,0
645,74,0
646,74,0
647,74,0
648,75,0
649,75,0
650,75,0
651,75,0
652,140,0
653,140,0
654,140,0
655,140,0
656,140,0
657,140,0
658,140,0
659,140,0
660,262,0
661,140,0
662,140,0
663,50,0
664,50,0
665,50,0
666,50,0
667,50,0
668,50,0
669,50,0
670,50,0
671,48,0
672,50,0
673,50,0
674,50,0
675,239,0
676,239,0
677,239,0
678,239,0
679,236,0
680,239,0
681,239,0
682,239,0
683,239,0
684,236,0
685,236,0
686,239,0
687,42,0
688,74,0
689,42,0
690,74,0
691,42,0
692,74,0
693,74,0
694,42,0
695,42,0
696,231,0
697,231,0
698,231,0
699,231,0
700,231,0
701,231,0
702,231,0
703,231,0
704,231,0
705,231,0
706,231,0
707,231,0
708,231,0
709,231,0
710,231,0
711,231,0
712,231,0
713,231,1
714,231,0
715,231,0
716,231,0
717,231,0
718,231,0
719,231,0
720,231,0
721,231,0
722,231,0
723,238,0
724,43,0
725,238,0
726,151,0
727,238,0
728,43,0
729,238,0
730,238,0
731,238,0
732,151,0
733,238,0
734,236,0
735,238,0
736,238,0
737,238,0
738,238,0
739,151,0
740,238,0
741,42,0
742,42,0
743,42,0
744,42,0
745,42,0
746,42,0
747,42,0
748,42,0
749,42,0
750,42,0
751,42,0
752,42,0
753,42,0
754,42,0
755,42,0
756,42,0
757,42,0
758,42,0
759,231,0
760,231,0
761,125,0
762,125,0
763,125,0
764,125,0
765,125,0
766,231,0
767,125,0
768,232,0
769,140,0
770,152,0
771,152,0
772,116,0
773,152,0
774,116,0
775,152,0
776,152,0
777,244,0
778,244,0
779,244,0
780,116,0
781,244,0
782,152,0
783,152,0
784,152,0
785,152,0
786,152,0
787,152,0
788,152,0
789,152,0
790,152,0
791,166,0
792,166,0
793,152,0
794,238,0
795,152,0
796,238,0
797,74,0
798,74,0
799,74,0
800,42,0
801,74,0
802,74,0
803,74,0
804,42,0
805,42,0
806,74,0
807,74,0
808,74,0
809,74,0
810,74,0
811,74,0
812,48,0
813,48,0
814,48,0
815,48,0
816,100,0
817,100,0
818,68,0
819,236,0
820,125,0
821,166,0
822,152,0
823,152,0
824,152,0
825,152,0
826,232,0
827,232,0
828,232,0
829,232,0
830,232,0
831,232,0
832,75,0
833,75,0
834,75,0
835,75,0
836,75,0
837,238,0
838,151,0
839,151,0
840,151,0
841,238,0
842,238,0
843,238,0
844,238,0
845,238,0
846,238,0
847,238,0
848,238,0
849,238,0
850,74,0
851,74,0
852,74,0
853,74,0
854,74,0
855,74,0
856,74,0
857,42,0
858,42,0
859,74,0
860,74,0
861,151,0
862,151,0
863,74,0
864,74,0
865,74,0
866,42,0
867,42,0
868,243,0
869,243,0
870,243,0
871,243,0
872,243,0
873,128,0
874,243,0
875,45,0
876,45,0
877,231,0
878,45,0
879,231,0
880,231,0
881,45,0
882,45,0
883,231,1
884,45,0
885,231,0
886,231,0
887,45,0
888,45,0
889,45,0
890,243,0
891,125,0
892,125,0
893,74,0
894,41,0
895,41,0
896,43,0
897,41,0
898,41,0
899,43,0
900,41,0
901,41,0
902,41,0
903,41,0
904,75,0
905,43,0
906,41,0
907,41,0
908,41,0
909,42,0
910,120,0
911,42,0
912,42,0
913,120,0
914,42,0
915,116,0
916,116,0
917,42,0
918,120,0
919,127,0
920,42,0
921,42,0
922,116,0
923,116,0
924,120,0
925,244,0
926,42,0
927,88,0
928,88,0
929,12,0
930,12,0
931,12,0
932,74,0
933,74,0
934,75,0
935,75,0
936,74,0
937,74,0
938,74,0
939,74,0
940,74,0
941,75,0
942,42,0
943,42,0
944,170,0
945,170,0
946,170,0
947,170,0
948,170,0
949,233,0
950,170,0
951,170,0
952,233,0
953,170,0
954,233,1
955,233,0
956,137,0
957,137,0
958,137,0
959,224,0
960,224,0
961,107,0
962,74,0
963,74,0
964,74,0
965,75,0
966,75,0
967,75,0
968,262,0
969,120,0
970,120,0
971,120,0
972,120,0
973,120,0
974,243,0
975,244,0
976,243,0
977,120,0
978,243,0
979,243,0
980,243,0
981,140,0
982,140,0
983,140,0
984,140,0
985,140,0
986,140,0
987,244,0
988,244,0
989,244,0
990,244,0
991,244,0
992,244,0
993,244,0
994,244,0
995,244,0
996,244,0
997,244,0
998,244,0
999,244,0
1000,244,0
1001,244,0
1002,244,0
1003,244,0
1004,244,0
1005,244,0
1006,244,0
1007,244,0
1008,244,0
1009,244,0
1010,244,0
1011,244,0
1012,244,0
1013,244,0
1014,244,0
1015,244,0
1016,244,0
1017,244,0
1018,244,0
1019,244,0
1020,244,0
1021,244,0
1022,244,0
1023,244,0
1024,244,0
1025,244,0
1026,244,0
1027,244,0
1028,244,0
1029,244,0
1030,244,0
1031,244,0
1032,244,0
1033,244,0
1034,244,0
1035,244,0
1036,244,0
1037,244,0
1038,244,0
1039,244,0
1040,244,0
1041,244,0
1042,244,0
1043,244,0
1044,244,0
1045,244,0
1046,244,0
1047,244,0
1048,244,1
1049,244,0
1050,244,0
1051,244,0
1052,244,0
1053,244,0
1054,244,0
1055,244,0
1056,244,0
1057,244,0
1058,244,0
1059,244,0
1060,244,0
1061,244,0
1062,244,0
1063,244,0
1064,244,0
1065,244,0
1066,244,0
1067,244,0
1068,244,0
1069,244,0
1070,244,0
1071,244,0
1072,244,0
1073,244,0
1074,244,0
1075,244,0
1076,244,0
1077,244,0
1078,244,0
1079,244,0
1080,243,0
1081,244,0
1082,243,0
1083,243,0
1084,243,0
1085,243,0
1086,243,0
1087,243,0
1088,243,0
1089,243,0
1090,244,0
1091,244,0
1092,243,1
1093,243,0
1094,243,0
1095,243,0
1096,244,0
1097,244,0
1098,243,0
1099,243,0
1100,243,0
1101,243,0
1102,243,0
1103,243,0
1104,243,0
1105,243,0
1106,243,0
1107,243,0
1108,243,0
1109,243,0
1110,243,0
1111,243,0
1112,243,0
1113,209,0
1114,209,0
1115,209,0
1116,209,0
1117,209,0
1118,209,0
1119,209,0
1120,87,0
1121,87,0
1122,87,0
1123,87,0
1124,87,0
1125,87,0
1126,87,0
1127,87,0
1128,87,0
1129,87,0
1130,87,0
1131,209,0
1132,209,0
1133,209,0
1134,209,0
1135,45,0
1136,45,0
1137,231,0
1138,45,0
1139,231,0
1140,231,0
1141,231,0
1142,231,0
1143,231,0
1144,45,0
1145,231,0
1146,231,0
1147,231,0
1148,231,0
1149,45,0
1150,45,0
1151,231,0
1152,231,0
1153,144,0
1154,231,0
1155,144,1
1156,45,0
1157,45,0
1158,231,0
1159,231,0
1160,144,0
1161,231,0
1162,144,0
1163,144,0
1164,144,0
1165,144,0
1166,211,0
1167,231,0
1168,144,0
1169,144,0
1170,144,0
1171,144,0
1172,144,0
1173,144,0
1174,144,0
1175,211,0
1176,144,0
1177,144,0
1178,144,0
1179,144,0
1180,144,0
1181,144,0
1182,144,0
1183,144,0
1184,144,0
1185,144,0
1186,144,0
1187,144,0
1188,144,0
1189,232,0
1190,232,0
1191,232,0
1192,232,0
1193,232,0
1194,232,0
1195,232,0
1196,232,0
1197,232,0
1198,232,0
1199,232,0
1200,232,0
1201,232,0
1202,232,0
1203,232,0
1204,232,0
1205,232,0
1206,232,0
1207,232,0
1208,148,0
1209,232,0
1210,232,0
1211,232,0
1212,232,0
1213,232,0
1214,232,0
1215,232,0
1216,232,0
1217,232,0
1218,232,0
1219,232,0
1220,232,0
1221,232,0
1222,232,0
1223,232,0
1224,232,0
1225,232,0
1226,4,0
1227,232,0
1228,4,0
1229,4,0
1230,4,0
1231,232,0
1232,232,0
1233,232,0
1234,4,0
1235,4,0
1236,79,0
1237,4,0
1238,4,0
1239,232,1
1240,234,0
1241,234,0
1242,234,0
1243,234,0
1244,234,0
1245,90,0
1246,234,0
1247,234,0
1248,107,0
1249,234,0
1250,90,0
1251,90,0
1252,234,0
1253,90,0
1254,90,0
1255,234,0
1256,68,0
1257,90,0
1258,234,0
1259,234,0
1260,90,0
1261,90,0
1262,68,0
1263,68,0
1264,90,0
1265,90,0
1266,90,0
1267,68,0
1268,90,0
1269,90,0
1270,68,0
1271,68,0
1272,246,1
1273,68,0
1274,246,0
1275,68,0
1276,246,0
1277,246,0
1278,246,0
1279,246,0
1280,68,0
1281,13,0
1282,13,0
1283,13,0
1284,13,0
1285,13,0
1286,13,0
1287,13,1
1288,234,0
1289,234,0
1290,90,0
1291,234,0
1292,90,0
1293,234,0
1294,234,0
1295,90,0
1296,90,0
1297,234,0
1298,234,0
1299,90,0
1300,68,0
1301,90,0
1302,90,0
1303,68,0
1304,186,0
1305,186,0
1306,68,0
1307,246,0
1308,68,0
1309,68,0
1310,68,0
1311,246,0
1312,68,0
1313,68,0
1314,246,0
1315,246,0
1316,246,0
1317,246,0
1318,246,0
1319,246,0
1320,127,0
1321,127,0
1322,127,0
1323,127,0
1324,127,0
1325,127,0
1326,127,0
1327,127,0
1328,127,0
1329,153,0
1330,128,1
1331,127,0
1332,128,0
1333,128,0
1334,127,0
1335,152,0
1336,152,0
1337,152,0
1338,166,0
1339,152,0
1340,152,0
1341,152,0
1342,152,0
1343,152,0
1344,152,0
1345,152,0
1346,152,0
1347,152,0
1348,152,0
1349,152,0
1350,152,0
1351,152,0
1352,152,0
1353,152,0
1354,152,0
1355,152,0
1356,152,0
1357,152,0
1358,152,0
1359,152,0
1360,116,0
1361,116,0
1362,152,0
1363,152,0
1364,116,0
1365,116,0
1366,116,0
1367,116,0
1368,152,0
1369,116,0
1370,152,0
1371,232,0
1372,232,0
1373,232,0
1374,232,0
1375,163,0
1376,163,0
1377,163,0
1378,163,0
1379,161,0
1380,163,0
1381,163,0
1382,163,0
1383,161,0
1384,161,0
1385,162,0
1386,163,0
1387,237,0
1388,243,0
1389,243,0
1390,243,0
1391,243,0
1392,243,0
1393,243,0
1394,243,0
1395,243,0
1396,243,0
1397,243,0
1398,243,0
1399,243,0
1400,243,0
1401,243,0
1402,243,0
1403,243,0
1404,243,0
1405,243,0
1406,243,0
1407,243,1
1408,243,0
1409,164,0
1410,164,0
1411,234,0
1412,186,0
1413,234,0
1414,234,0
1415,234,0
1416,186,0
1417,186,0
1418,234,0
1419,164,0
1420,234,0
1421,164,0
1422,164,0
1423,186,0
1424,186,0
1425,164,0
1426,164,0
1427,186,0
1428,68,0
1429,186,0
1430,186,0
1431,234,0
1432,68,0
1433,68,0
1434,186,0
1435,68,0
1436,246,0
1437,246,0
1438,68,0
1439,186,0
1440,68,0
1441,68,0
1442,68,0
1443,246,0
1444,246,0
1445,246,0
1446,68,0
1447,68,0
1448,246,0
1449,68,0
1450,246,0
1451,246,0
1452,246,0
1453,246,0
1454,246,0
1455,246,0
1456,246,0
1457,246,0
1458,246,0
1459,42,0
1460,42,0
1461,42,0
1462,42,0
1463,42,0
1464,74,0
1465,42,0
1466,42,0
1467,42,0
1468,42,0
1469,42,0
1470,243,0
1471,243,0
1472,243,0
1473,127,0
1474,243,0
1475,243,0
1476,127,0
1477,243,0
1478,127,0
1479,243,0
1480,243,0
1481,127,0
1482,127,0
1483,127,0
1484,127,0
1485,127,0
1486,127,0
1487,127,0
1488,243,0
1489,127,0
1490,127,0
1491,127,0
1492,127,0
1493,127,0
1494,127,0
1495,127,0
1496,127,0
1497,127,0
1498,127,0
1499,127,0
1500,127,0
1501,127,0
1502,127,0
1503,127,0
1504,127,0
1505,127,0
1506,127,0
1507,127,0
1508,127,0
1509,127,0
1510,127,0
1511,127,0
1512,127,0
1513,127,0
1514,127,0
1515,127,0
1516,127,0
1517,127,0
1518,127,0
1519,116,0
1520,116,0
1521,116,0
1522,116,0
1523,116,0
1524,116,0
1525,116,0
1526,116,0
1527,116,0
1528,116,0
1529,116,0
1530,42,0
1531,116,0
1532,116,0
1533,116,0
1534,116,1
1535,116,0
1536,116,0
1537,116,0
1538,116,0
1539,116,0
1540,236,0
1541,236,0
1542,236,0
1543,236,0
1544,153,0
1545,153,0
1546,153,0
1547,153,0
1548,153,0
1549,153,0
1550,153,0
1551,153,0
1552,153,0
1553,153,0
1554,153,0
1555,87,0
1556,87,0
1557,87,0
1558,88,0
1559,140,0
1560,140,0
1561,140,0
1562,140,0
1563,262,0
1564,141,0
1565,229,0
1566,140,0
1567,140,0
1568,140,0
1569,141,0
1570,140,0
1571,140,0
1572,141,0
1573,141,0
1574,141,0
1575,140,0
1576,140,0
1577,237,0
1578,140,0
1579,141,0
1580,140,0
1581,140,0
1582,141,0
1583,237,0
1584,141,0
1585,141,0
1586,140,0
1587,237,0
1588,141,0
1589,140,0
1590,141,0
1591,140,0
1592,140,0
1593,141,0
1594,140,0
1595,237,0
1596,140,0
1597,141,0
1598,140,0
1599,140,0
1600,141,0
1601,140,0
1602,141,0
1603,141,0
1604,140,0
1605,141,0
1606,140,0
1607,236,0
1608,141,0
1609,262,0
1610,262,0
1611,262,0
1612,262,0
1613,262,0
1614,262,0
1615,263,0
1616,262,0
1617,262,0
1618,263,0
1619,262,0
1620,141,0
1621,236,0
1622,262,0
1623,263,0
1624,262,0
1625,262,0
1626,263,0
1627,263,0
1628,262,0
1629,262,0
1630,262,0
1631,262,0
1632,263,0
1633,262,0
1634,262,0
1635,263,0
1636,263,0
1637,262,0
1638,262,0
1639,262,0
1640,262,0
1641,263,0
1642,263,0
1643,262,0
1644,263,1
1645,263,0
1646,262,0
1647,263,0
1648,262,0
1649,262,0
1650,263,0
1651,262,0
1652,262,0
1653,262,0
1654,263,0
1655,263,0
1656,262,0
1657,262,0
1658,262,0
1659,263,0
1660,262,0
1661,262,0
1662,263,0
1663,263,0
1664,262,0
1665,262,0
1666,263,0
1667,262,0
1668,262,0
1669,262,0
1670,263,0
1671,263,0
1672,262,0
1673,262,0
1674,239,0
1675,239,0
1676,239,0
1677,239,0
1678,239,0
1679,244,0
1680,243,0
1681,243,0
1682,244,0
1683,243,0
1684,243,0
1685,243,0
1686,243,0
1687,244,0
1688,244,0
1689,244,0
1690,244,0
1691,244,0
1692,243,0
1693,244,0
1694,243,0
1695,244,0
1696,243,0
1697,244,0
1698,244,0
1699,234,0
1700,234,0
1701,234,0
1702,234,0
1703,234,0
1704,107,0
1705,234,0
1706,107,0
1707,107,0
1708,234,0
1709,107,1
1710,107,0
1711,234,0
1712,234,0
1713,234,0
1714,234,0
1715,107,0
1716,234,0
1717,107,0
1718,107,0
1719,234,0
1720,234,0
1721,234,0
1722,234,0
1723,234,0
1724,234,0
1725,164,0
1726,164,1
1727,164,0
1728,164,0
1729,164,0
1730,164,0
1731,100,0
1732,100,0
1733,68,0
1734,100,0
1735,68,0
1736,100,0
1737,186,0
1738,68,0
1739,164,0
1740,100,0
1741,164,0
1742,170,0
1743,164,0
1744,170,0
1745,170,0
1746,100,0
1747,100,0
1748,100,0
1749,100,0
1750,100,0
1751,68,0
1752,48,0
1753,100,0
1754,100,0
1755,164,0
1756,100,0
1757,164,0
1758,164,0
1759,170,0
1760,100,0
1761,100,0
1762,100,0
1763,100,0
1764,164,0
1765,100,0
1766,170,0
1767,164,0
1768,100,0
1769,100,0
1770,100,0
1771,48,0
1772,48,0
1773,230,0
1774,230,0
1775,161,0
1776,161,0
1777,48,0
1778,161,0
1779,230,0
1780,161,0
1781,164,0
1782,230,0
1783,230,0
1784,230,0
1785,48,0
1786,230,0
1787,161,0
1788,161,0
1789,48,0
1790,48,0
1791,48,0
1792,230,0
1793,230,0
1794,48,0
1795,48,0
1796,48,0
1797,48,0
1798,230,0
1799,48,0
1800,230,0
1801,230,0
1802,161,0
1803,161,0
1804,161,0
1805,230,0
1806,48,0
1807,48,1
1808,48,0
1809,48,0
1810,230,0
1811,48,0
1812,230,0
1813,161,0
1814,230,0
1815,161,0
1816,230,0
1817,230,0
1818,48,0
1819,48,0
1820,48,0
1821,48,0
1822,230,0
1823,48,0
1824,230,0
1825,230,0
1826,230,0
1827,230,0
1828,161,0
1829,230,0
1830,163,0
1831,48,1
1832,163,0
1833,48,0
1834,48,0
1835,48,0
1836,163,0
1837,163,0
1838,230,0
1839,161,0
1840,163,0
1841,163,0
1842,48,0
1843,48,0
1844,163,0
1845,163,0
1846,48,0
1847,48,0
1848,163,0
1849,163,0
1850,142,0
1851,48,0
1852,163,0
1853,48,0
1854,50,0
1855,261,0
1856,261,0
1857,261,0
1858,261,0
1859,88,0
1860,261,0
1861,261,0
1862,261,0
1863,261,0
1864,88,0
1865,261,0
1866,261,0
1867,209,0
1868,261,0
1869,261,0
1870,261,0
1871,231,0
1872,261,0
1873,209,0
1874,231,0
1875,209,0
1876,209,0
1877,231,0
1878,231,0
1879,231,0
1880,231,0
1881,231,0
1882,231,0
1883,231,0
1884,231,0
1885,231,0
1886,231,0
1887,231,0
1888,231,0
1889,231,0
1890,231,0
1891,231,0
1892,231,0
1893,231,0
1894,231,0
1895,231,0
1896,231,0
1897,231,0
1898,231,0
1899,231,0
1900,231,0
1901,211,1
1902,211,0
1903,211,0
1904,211,0
1905,211,0
1906,211,0
1907,211,0
1908,211,0
1909,211,0
1910,211,0
1911,144,0
1912,144,0
1913,144,0
1914,211,0
1915,211,0
1916,211,0
1917,211,0
1918,211,0
1919,211,0
1920,114,0
1921,211,0
1922,114,0
1923,211,0
1924,114,0
1925,114,0
1926,144,0
1927,114,0
1928,114,0
1929,114,0
1930,114,0
1931,114,0
1932,114,0
1933,114,0
1934,79,0
1935,114,0
1936,114,0
1937,114,0
1938,114,0
1939,114,0
1940,114,0
1941,114,0
1942,114,0
1943,114,0
1944,114,0
1945,114,0
1946,79,0
1947,113,0
1948,114,0
1949,79,0
1950,79,0
1951,113,0
1952,113,0
1953,113,0
1954,113,0
1955,113,0
1956,114,0
1957,113,0
1958,113,0
1959,113,0
1960,113,0
1961,113,0
1962,113,0
1963,113,0
1964,79,0
1965,79,0
1966,79,0
1967,113,0
1968,113,0
1969,79,0
1970,79,0
1971,79,0
1972,79,1
1973,79,0
1974,79,0
1975,113,0
1976,113,1
1977,113,0
1978,113,0
1979,113,0
1980,113,0
1981,79,0
1982,79,0
1983,79,0
1984,79,0
1985,107,0
1986,113,0
1987,113,0
1988,113,0
1989,113,0
1990,113,0
1991,113,0
1992,107,0
1993,79,0
1994,113,0
1995,234,0
1996,107,0
1997,107,0
1998,107,0
1999,90,0
2000,88,0
2001,88,0
2002,142,0
2003,142,0
2004,142,0
2005,142,0
2006,142,0
2007,142,0
2008,142,0
2009,142,0
2010,142,0
2011,142,0
2012,142,0
2013,142,0
2014,143,0
2015,142,0
2016,143,0
2017,143,0
2018,142,0
2019,142,0
2020,142,0
2021,142,0
2022,142,0
2023,142,0
2024,142,0
2025,142,0
2026,142,0
2027,142,0
2028,142,0
2029,142,0
2030,142,0
2031,142,0
2032,142,0
2033,142,1
2034,142,0
2035,142,0
2036,142,0
2037,142,0
2038,142,0
2039,239,0
2040,143,0
2041,142,0
2042,142,0
2043,143,0
2044,239,0
2045,239,0
2046,239,0
2047,239,0
2048,239,0
2049,239,0
2050,238,0
2051,238,0
2052,238,0
2053,238,0
2054,238,0
2055,238,0
2056,238,0
2057,238,0
2058,238,0
2059,238,0
2060,238,0
2061,238,1
2062,238,0
2063,238,0
2064,238,0
2065,238,0
2066,238,0
2067,238,0
2068,238,0
2069,151,0
2070,151,0
2071,151,0
2072,151,0
2073,151,0
2074,151,0
2075,151,0
2076,151,0
2077,151,0
2078,151,0
2079,151,1
2080,151,0
2081,151,0
2082,151,0
2083,151,0
2084,151,0
2085,151,0
2086,151,1
2087,151,0
2088,151,0
2089,151,0
2090,151,0
2091,151,0
2092,151,0
2093,151,0
2094,151,0
2095,151,0
2096,24,0
2097,24,0
2098,24,0
2099,166,0
2100,24,0
2101,166,0
2102,166,0
2103,166,0
2104,166,0
2105,24,0
2106,166,0
2107,166,0
2108,24,0
2109,166,0
2110,166,0
2111,166,0
2112,24,0
2113,166,0
2114,166,0
2115,166,0
2116,166,0
2117,166,0
2118,166,0
2119,166,0
2120,166,0
2121,166,0
2122,166,0
2123,166,0
2124,166,0
2125,166,0
2126,166,0
2127,166,0
2128,166,0
2129,166,0
2130,166,0
2131,166,0
2132,166,0
2133,166,0
2134,166,0
2135,166,0
2136,166,1
2137,166,0
2138,166,0
2139,152,0
2140,152,0
2141,152,0
2142,152,0
2143,152,0
2144,152,0
2145,152,0
2146,152,0
2147,152,0
2148,152,0
2149,152,0
2150,152,0
2151,152,0
2152,152,0
2153,152,0
2154,152,0
2155,166,0
2156,152,0
2157,116,0
2158,116,0
2159,116,0
2160,152,0
2161,116,0
2162,116,0
2163,116,0
2164,116,0
2165,116,0
2166,116,0
2167,116,0
2168,116,0
2169,116,0
2170,116,0
2171,116,0
2172,116,0
2173,116,0
2174,116,0
2175,116,0
2176,116,0
2177,116,0
2178,116,0
2179,116,0
2180,116,0
2181,116,0
2182,116,0
2183,116,0
2184,116,0
2185,116,0
2186,116,1
2187,116,1
2188,116,0
2189,116,0
2190,116,0
2191,116,0
2192,116,0
2193,116,0
2194,116,0
2195,116,0
2196,116,0
2197,116,0
2198,116,0
2199,116,0
2200,116,0
2201,116,0
2202,116,0
2203,116,0
2204,116,0
2205,116,0
2206,116,0
2207,116,0
2208,116,0
2209,116,0
2210,116,0
2211,116,0
2212,116,0
2213,116,0
2214,116,0
2215,116,0
2216,116,0
2217,116,0
2218,116,0
2219,244,0
2220,244,0
2221,244,0
2222,244,0
2223,244,0
2224,116,0
2225,244,0
2226,244,0
2227,244,0
2228,244,0
2229,244,0
2230,244,0
2231,244,0
2232,244,0
2233,244,0
2234,244,0
2235,244,0
2236,244,0
2237,244,0
2238,244,0
2239,244,0
2240,244,0
2241,244,0
2242,244,0
2243,244,0
2244,244,0
2245,244,0
2246,244,0
2247,244,0
2248,244,0
2249,244,0
2250,244,0
2251,244,0
2252,244,0
2253,244,0
2254,243,0
2255,243,0
2256,243,0
2257,243,0
2258,243,0
2259,243,0
2260,243,0
2261,243,0
2262,243,0
2263,243,0
2264,243,0
2265,243,0
2266,243,0
2267,243,0
2268,243,0
2269,243,0
2270,127,0
2271,243,0
2272,127,0
2273,127,0
2274,127,0
2275,127,0
2276,127,0
2277,127,0
2278,128,0
2279,127,0
2280,127,0
2281,127,0
2282,127,0
2283,127,0
2284,127,0
2285,127,0
2286,127,0
2287,127,0
2288,127,0
2289,127,0
2290,127,0
2291,127,0
2292,43,0
2293,236,0
2294,236,0
2295,236,0
2296,236,0
2297,236,0
2298,236,0
2299,236,0
2300,236,0
2301,236,0
2302,236,0
2303,236,0
2304,236,0
2305,236,0
2306,236,0
2307,236,0
2308,236,0
2309,236,0
2310,236,0
2311,236,0
2312,236,0
2313,236,0
2314,236,0
2315,236,0
2316,236,0
2317,263,0
2318,263,0
2319,236,0
2320,249,0
2321,249,0
2322,249,0
2323,90,0
2324,90,0
2325,249,0
2326,249,0
2327,234,0
2328,90,0
2329,90,0
2330,249,0
2331,249,0
2332,249,0
2333,249,0
2334,249,0
2335,249,0
2336,90,0
2337,68,0
2338,249,0
2339,249,0
2340,249,0
2341,249,0
2342,158,0
2343,158,0
2344,158,0
2345,249,0
2346,158,0
2347,158,0
2348,158,0
2349,158,0
2350,158,0
2351,68,0
2352,158,0
2353,158,0
2354,158,0
2355,68,0
2356,158,0
2357,246,0
2358,158,0
2359,158,0
2360,158,0
2361,120,0
2362,244,0
2363,87,0
2364,87,0
2365,87,0
2366,13,0
2367,13,0
2368,13,0
2369,74,0
2370,42,0
2371,42,0
2372,42,0
2373,74,0
2374,42,0
2375,42,0
2376,42,0
2377,42,0
2378,42,0
2379,42,0
2380,42,0
2381,42,0
2382,42,0
2383,42,0
2384,42,0
2385,42,0
2386,42,0
2387,42,0
2388,42,0
2389,42,0
2390,42,0
2391,42,0
2392,42,0
2393,42,0
2394,42,0
2395,152,0
2396,42,0
2397,42,0
2398,42,0
2399,42,0
2400,42,0
2401,42,0
2402,41,0
2403,74,0
2404,41,0
2405,74,0
2406,74,0
2407,41,0
2408,74,0
2409,74,0
2410,74,0
2411,74,0
2412,41,0
2413,41,0
2414,74,0
2415,74,0
2416,231,0
2417,231,0
2418,231,0
2419,231,0
2420,231,0
2421,231,0
2422,231,0
2423,231,0
2424,231,0
2425,231,0
2426,231,0
2427,13,0
2428,231,0
2429,13,0
2430,13,0
2431,231,0
2432,231,0
2433,231,0
2434,13,0
2435,13,0
2436,13,0
2437,13,0
2438,231,0
2439,231,0
2440,231,1
2441,13,0
2442,13,0
2443,13,0
2444,13,0
2445,13,0
2446,13,0
2447,13,0
2448,45,0
2449,148,0
2450,148,0
2451,45,0
2452,148,0
2453,148,0
2454,148,0
2455,148,0
2456,45,0
2457,45,0
2458,45,0
2459,148,0
2460,148,0
2461,148,0
2462,148,0
2463,148,0
2464,148,0
2465,148,0
2466,148,0
2467,148,0
2468,148,0
2469,148,0
2470,148,0
2471,148,0
2472,148,0
2473,148,0
2474,148,0
2475,148,0
2476,148,0
2477,148,0
2478,148,0
2479,148,0
2480,148,0
2481,148,0
2482,148,0
2483,148,0
2484,148,0
2485,148,0
2486,148,0
2487,148,0
2488,148,0
2489,144,0
2490,148,0
2491,148,0
2492,148,0
2493,148,0
2494,148,0
2495,148,0
2496,68,0
2497,90,0
2498,90,0
2499,68,0
2500,68,0
2501,68,0
2502,68,0
2503,90,0
2504,246,0
2505,246,0
2506,246,0
2507,246,0
2508,43,0
2509,237,0
2510,43,0
2511,237,0
2512,237,0
2513,237,0
2514,237,1
2515,237,0
2516,237,0
2517,43,0
2518,237,0
2519,43,0
2520,237,0
2521,237,0
2522,237,0
2523,237,0
2524,237,0
2525,237,0
2526,237,0
2527,237,0
2528,237,0
2529,237,0
2530,237,0
2531,237,0
2532,237,0
2533,237,0
2534,237,0
2535,237,0
2536,237,0
2537,237,0
2538,249,0
2539,114,0
2540,114,0
2541,249,0
2542,114,0
2543,114,0
2544,114,0
2545,113,0
2546,249,0
2547,249,0
2548,249,0
2549,249,0
2550,114,1
2551,249,0
2552,128,0
2553,127,0
2554,128,0
2555,127,0
2556,128,0
2557,127,0
2558,127,0
2559,41,0
2560,41,0
2561,41,0
2562,41,0
2563,41,0
2564,41,0
2565,41,0
2566,41,0
2567,41,0
2568,41,0
2569,41,0
2570,41,0
2571,41,0
2572,41,0
2573,41,0
2574,41,0
2575,41,0
2576,41,0
2577,41,0
2578,41,0
2579,41,0
2580,41,0
2581,41,0
2582,41,0
2583,41,0
2584,41,0
2585,41,0
2586,41,1
2587,41,0
2588,41,0
2589,41,0
2590,166,0
2591,41,0
2592,166,0
2593,41,0
2594,41,0
2595,41,0
2596,41,0
2597,144,0
2598,148,0
2599,148,0
2600,144,0
2601,148,0
2602,148,0
2603,144,0
2604,144,0
2605,144,0
2606,144,0
2607,148,0
2608,148,0
2609,148,0
2610,148,0
2611,148,0
2612,148,0
2613,148,0
2614,148,0
2615,148,0
2616,148,0
2617,148,0
2618,148,0
2619,148,0
2620,148,0
2621,148,0
2622,148,1
2623,148,0
2624,148,0
2625,148,0
2626,148,0
2627,148,0
2628,148,0
2629,148,0
2630,232,0
2631,232,0
2632,148,0
2633,148,0
2634,148,0
2635,148,0
2636,148,0
2637,148,0
2638,232,1
2639,232,0
2640,232,0
2641,166,0
2642,166,0
2643,41,0
2644,166,0
2645,166,0
2646,41,0
2647,41,0
2648,166,0
2649,41,0
2650,41,0
2651,231,0
2652,231,0
2653,231,0
2654,231,0
2655,87,0
2656,87,0
2657,87,0
2658,234,0
2659,234,0
2660,234,0
2661,234,0
2662,234,0
2663,107,0
2664,234,0
2665,234,0
2666,107,0
2667,107,0
2668,234,0
2669,107,0
2670,137,0
2671,107,0
2672,170,0
2673,107,0
2674,137,0
2675,137,0
2676,107,0
2677,107,0
2678,137,0
2679,107,0
2680,137,0
2681,137,0
2682,107,0
2683,107,0
2684,170,0
2685,137,0
2686,137,0
2687,137,0
2688,137,0
2689,137,0
2690,107,0
2691,137,0
2692,137,0
2693,137,0
2694,43,0
2695,43,0
2696,237,0
2697,43,0
2698,237,0
2699,237,0
2700,43,0
2701,237,0
2702,237,0
2703,237,0
2704,237,0
2705,237,0
2706,237,0
2707,237,0
2708,237,0
2709,237,0
2710,237,0
2711,237,0
2712,237,0
2713,237,0
2714,237,0
2715,237,0
2716,237,0
2717,237,0
2718,237,0
2719,237,0
2720,237,0
2721,237,0
2722,141,0
2723,141,0
2724,141,0
2725,237,0
2726,141,0
2727,231,0
2728,231,0
2729,144,0
2730,144,0
2731,144,0
2732,144,0
2733,144,0
2734,144,0
2735,144,0
2736,144,0
2737,237,0
2738,237,0
2739,237,0
2740,237,0
2741,237,0
2742,237,0
2743,237,0
2744,237,0
2745,236,0
2746,237,0
2747,237,0
2748,237,0
2749,237,0
2750,236,0
2751,237,0
2752,237,0
2753,237,0
2754,237,0
2755,236,0
2756,236,0
2757,237,0
2758,237,0
2759,237,0
2760,236,0
2761,236,0
2762,125,0
2763,125,0
2764,125,0
2765,125,0
2766,211,0
2767,211,0
2768,125,0
2769,125,0
2770,211,0
2771,211,0
2772,231,0
2773,231,0
2774,231,0
2775,231,0
2776,211,0
2777,231,0
2778,211,0
2779,211,0
2780,211,0
2781,125,0
2782,211,0
2783,211,0
2784,125,0
2785,211,0
2786,125,0
2787,211,0
2788,125,0
2789,125,0
2790,125,0
2791,125,0
2792,125,0
2793,125,0
2794,211,0
2795,211,0
2796,211,0
2797,125,0
2798,125,0
2799,125,0
2800,125,0
2801,249,0
2802,125,0
2803,125,0
2804,249,0
2805,125,0
2806,249,0
2807,114,0
2808,249,0
2809,114,0
2810,249,0
2811,114,0
2812,114,0
2813,114,0
2814,249,0
2815,249,0
2816,114,0
2817,114,0
2818,114,0
2819,114,0
2820,114,0
2821,249,0
2822,249,0
2823,114,0
2824,249,0
2825,249,0
2826,249,0
2827,68,0
2828,164,0
2829,164,0
2830,164,0
2831,186,0
2832,164,0
2833,164,0
2834,164,0
2835,164,0
2836,164,0
2837,164,0
2838,68,0
2839,170,0
2840,170,0
2841,170,0
2842,170,0
2843,170,0
2844,170,0
2845,170,0
2846,161,0
2847,161,0
2848,161,0
2849,230,0
2850,48,0
2851,230,0
2852,161,0
2853,161,0
2854,161,0
2855,161,0
2856,161,0
2857,161,0
2858,161,0
2859,161,0
2860,161,0
2861,161,0
2862,161,0
2863,161,0
2864,161,0
2865,161,0
2866,161,0
2867,161,0
2868,161,0
2869,161,0
2870,161,0
2871,161,0
2872,161,0
2873,161,0
2874,161,0
2875,161,0
2876,163,0
2877,125,0
2878,125,0
2879,125,0
2880,249,0
2881,75,0
2882,75,0
2883,75,0
2884,75,0
2885,75,0
2886,75,0
2887,75,0
2888,75,0
2889,75,0
2890,75,0
2891,75,0
2892,75,0
2893,75,0
2894,75,0
2895,75,1
2896,75,0
2897,75,0
2898,75,0
2899,75,0
2900,75,0
2901,75,0
2902,75,0
2903,75,0
2904,75,0
2905,75,0
2906,75,0
2907,75,0
2908,75,0
2909,75,0
2910,75,0
2911,75,0
2912,75,0
2913,75,0
2914,75,0
2915,75,0
2916,75,0
2917,75,0
2918,75,0
2919,75,0
2920,75,0
2921,231,0
2922,231,0
2923,231,0
2924,231,0
2925,231,0
2926,68,0
2927,246,0
2928,246,0
2929,246,1
2930,246,0
2931,246,0
2932,246,0
2933,246,0
2934,68,0
2935,246,0
2936,246,0
2937,246,0
2938,246,0
2939,246,0
2940,246,0
2941,246,0
2942,246,0
2943,68,0
2944,50,0
2945,246,0
2946,246,0
2947,50,0
2948,50,0
2949,50,0
2950,48,0
2951,50,0
2952,50,0
2953,50,0
2954,50,0
2955,50,0
2956,48,0
2957,48,0
2958,50,0
2959,50,0
2960,50,0
2961,50,0
2962,48,0
2963,50,0
2964,50,0
2965,50,0
2966,50,0
2967,50,0
2968,50,0
2969,48,0
2970,50,0
2971,50,0
2972,50,0
2973,50,0
2974,50,0
2975,50,0
2976,48,0
2977,50,0
2978,50,0
2979,50,0
2980,50,0
2981,50,0
2982,50,0
2983,50,0
2984,50,0
2985,50,0
2986,50,0
2987,48,0
2988,50,0
2989,50,0
2990,143,0
2991,143,0
2992,143,0
2993,249,0
2994,249,0
2995,249,0
2996,249,0
2997,158,0
2998,249,0
2999,158,0
3000,158,0
3001,249,0
3002,249,0
3003,249,0
3004,249,0
3005,249,0
3006,249,0
3007,249,0
3008,249,0
3009,249,0
3010,249,0
3011,249,0
3012,249,0
3013,249,0
3014,249,0
3015,249,0
3016,249,0
3017,249,0
3018,249,0
3019,249,0
3020,249,0
3021,249,0
3022,249,0
3023,249,0
3024,249,0
3025,249,0
3026,249,0
3027,249,0
3028,249,0
3029,249,0
3030,249,0
3031,249,0
3032,249,0
3033,249,0
3034,249,0
3035,249,0
3036,249,0
3037,87,0
3038,209,0
3039,87,0
3040,87,0
3041,87,0
3042,79,0
3043,79,0
3044,79,0
3045,79,0
3046,79,0
3047,79,0
3048,79,0
3049,79,0
3050,79,0
3051,79,0
3052,79,0
3053,79,0
3054,79,0
3055,79,0
3056,79,0
3057,79,0
3058,79,0
3059,79,0
3060,79,0
3061,4,0
3062,79,0
3063,79,0
3064,79,0
3065,79,0
3066,4,0
3067,4,0
3068,4,0
3069,4,1
3070,4,0
3071,4,0
3072,4,0
3073,4,0
3074,232,0
3075,143,0
3076,143,0
3077,143,0
3078,143,0
3079,143,0
3080,143,0
3081,143,0
3082,143,0
3083,143,0
3084,151,0
3085,158,0
3086,158,0
3087,158,0
3088,158,0
3089,79,0
3090,79,0
3091,79,0
3092,114,0
3093,166,0
3094,166,0
3095,24,0
3096,24,0
3097,166,0
3098,24,0
3099,166,0
3100,41,0
3101,41,0
3102,41,0
3103,41,0
3104,41,0
3105,41,0
3106,41,0
3107,41,0
3108,41,0
3109,41,0
3110,41,0
3111,41,0
3112,41,0
3113,41,0
3114,41,0
3115,41,0
3116,41,0
3117,41,0
3118,41,0
3119,41,0
3120,41,0
3121,41,0
3122,41,0
3123,41,0
3124,166,0
3125,41,0
3126,41,0
3127,41,0
3128,41,0
3129,166,0
3130,41,0
3131,41,0
3132,41,0
3133,41,0
3134,127,0
3135,127,1
3136,127,0
3137,127,0
3138,127,0
3139,127,0
3140,158,0
3141,249,0
3142,158,0
3143,158,0
3144,249,0
3145,43,0
3146,75,0
3147,107,0
3148,107,0
3149,107,0
3150,107,0
3151,107,0
3152,107,0
3153,107,0
3154,107,0
3155,107,0
3156,107,0
3157,107,0
3158,79,0
3159,107,0
3160,107,0
3161,79,0
3162,107,0
3163,107,0
3164,107,0
3165,107,0
3166,107,0
3167,107,0
3168,107,0
3169,224,0
3170,224,0
3171,4,0
3172,224,0
3173,224,0
3174,224,0
3175,224,0
3176,249,0
3177,158,0
3178,158,0
3179,158,0
3180,249,0
3181,158,0
3182,158,0
3183,158,0
3184,249,0
3185,162,0
3186,161,0
3187,231,0
3188,231,0
3189,231,0
3190,231,0
3191,231,0
3192,116,0
3193,116,0
3194,116,0
3195,116,0
3196,116,0
3197,43,0
3198,237,0
3199,43,0
3200,237,0
3201,237,0
3202,141,0
3203,237,0
3204,237,0
3205,237,0
3206,43,0
3207,237,0
3208,237,0
3209,153,0
3210,153,0
3211,153,0
3212,153,0
3213,153,0
3214,249,0
3215,158,0
3216,249,0
3217,158,0
3218,158,0
3219,249,0
3220,249,0
3221,249,0
3222,158,0
3223,249,0
3224,158,0
3225,158,0
3226,114,0
3227,114,0
3228,88,0
3229,88,0
3230,45,0
3231,45,0
3232,45,0
3233,45,0
3234,45,0
3235,45,0
3236,45,0
3237,45,0
3238,45,0
3239,45,0
3240,45,0
3241,45,0
3242,45,0
3243,45,0
3244,45,0
3245,45,0
3246,232,0
3247,232,0
3248,232,0
3249,232,0
3250,232,0
3251,232,0
3252,79,0
3253,79,0
3254,79,0
3255,79,0
3256,79,0
3257,79,0
3258,148,0
3259,79,0
3260,79,0
3261,79,0
3262,79,0
3263,148,0
3264,232,0
3265,232,0
3266,148,0
3267,232,1
3268,232,0
3269,79,0
3270,232,0
3271,232,0
3272,79,0
3273,144,0
3274,148,0
3275,144,0
3276,148,0
3277,144,0
3278,79,0
3279,148,0
3280,79,0
3281,148,0
3282,148,0
3283,148,0
3284,232,0
3285,232,0
3286,148,0
3287,232,1
3288,148,0
3289,148,0
3290,211,0
3291,211,0
3292,211,0
3293,211,0
3294,211,0
3295,211,0
3296,144,0
3297,144,0
3298,144,0
3299,144,0
3300,249,0
3301,244,0
3302,244,0
3303,120,0
3304,244,0
3305,244,0
3306,244,0
3307,244,0
3308,244,0
3309,244,0
3310,244,0
3311,120,0
3312,244,0
3313,244,0
3314,244,1
3315,244,0
3316,244,0
3317,244,0
3318,244,0
3319,45,0
3320,45,0
3321,45,0
3322,45,0
3323,144,0
3324,45,0
3325,144,0
3326,148,0
3327,45,0
3328,114,0
3329,144,0
3330,114,0
3331,114,0
3332,114,0
3333,114,0
3334,144,0
3335,114,0
3336,41,0
3337,75,0
3338,75,0
3339,75,0
3340,170,0
3341,170,0
3342,170,0
3343,170,0
3344,170,0
3345,170,0
3346,170,0
3347,170,0
3348,233,0
3349,170,0
3350,170,0
3351,233,0
3352,233,0
3353,162,0
3354,170,0
3355,170,0
3356,233,0
3357,233,0
3358,233,0
3359,162,0
3360,162,0
3361,233,0
3362,233,0
3363,233,0
3364,233,0
3365,142,0
3366,142,0
3367,142,0
3368,50,0
3369,42,0
3370,42,0
3371,42,0
3372,42,0
3373,42,0
3374,42,0
3375,42,0
3376,42,0
3377,42,0
3378,42,0
3379,42,1
3380,42,0
3381,42,0
3382,42,0
3383,42,0
3384,42,0
3385,42,0
3386,42,0
3387,42,0
3388,42,0
3389,127,0
3390,127,0
3391,127,0
3392,127,0
3393,127,0
3394,127,0
3395,24,0
3396,127,0
3397,127,0
3398,127,0
3399,120,0
3400,162,0
3401,162,0
3402,162,0
3403,162,0
3404,162,0
3405,162,0
3406,237,0
3407,237,0
3408,162,0
3409,162,0
3410,162,0
3411,229,0
3412,162,0
3413,162,0
3414,237,0
3415,162,0
3416,229,0
3417,229,0
3418,229,0
3419,229,0
3420,41,0
3421,41,0
3422,41,0
3423,41,0
3424,41,0
3425,41,0
3426,41,0
3427,41,0
3428,41,0
3429,41,0
3430,41,0
3431,41,0
3432,41,0
3433,41,0
3434,41,0
3435,152,0
3436,41,0
3437,41,0
3438,42,0
3439,42,0
3440,41,0
3441,152,0
3442,42,0
3443,42,0
3444,42,0
3445,42,0
3446,42,0
3447,152,0
3448,42,0
3449,42,0
3450,42,0
3451,42,0
3452,42,0
3453,42,0
3454,42,0
3455,42,0
3456,42,0
3457,42,0
3458,42,0
3459,42,0
3460,42,0
3461,42,0
3462,42,0
3463,42,0
3464,42,0
3465,42,0
3466,42,0
3467,244,0
3468,244,0
3469,244,0
3470,244,0
3471,244,0
3472,120,0
3473,244,0
3474,244,0
3475,244,0
3476,120,0
3477,244,0
3478,120,0
3479,244,0
3480,243,0
3481,243,0
3482,243,0
3483,243,0
3484,243,0
3485,243,0
3486,243,0
3487,243,0
3488,243,0
3489,243,0
3490,243,0
3491,120,0
3492,243,0
3493,243,0
3494,209,0
3495,209,0
3496,209,0
3497,209,0
3498,209,0
3499,45,0
3500,45,0
3501,249,0
3502,249,0
3503,113,0
3504,113,0
3505,113,0
3506,45,0
3507,45,0
3508,45,0
3509,45,0
3510,45,0
3511,45,0
3512,45,0
3513,45,0
3514,45,0
3515,45,0
3516,45,0
3517,75,0
3518,75,0
3519,75,0
3520,75,0
3521,75,0
3522,75,0
3523,75,0
3524,74,0
3525,75,0
3526,45,0
3527,45,0
3528,45,0
3529,45,0
3530,45,0
3531,45,0
3532,232,0
3533,45,0
3534,45,0
3535,148,0
3536,232,0
3537,148,0
3538,148,0
3539,148,0
3540,45,0
3541,232,0
3542,232,0
3543,114,0
3544,211,0
3545,114,0
3546,114,0
3547,211,0
3548,114,0
3549,114,0
3550,114,0
3551,170,0
3552,170,0
3553,68,0
3554,246,0
3555,68,0
3556,13,0
3557,13,0
3558,13,0
3559,41,1
3560,41,0
3561,42,0
3562,42,0
3563,42,0
3564,42,0
3565,42,0
3566,42,0
3567,42,0
3568,42,0
3569,42,0
3570,42,0
3571,42,0
3572,42,0
3573,42,0
3574,42,0
3575,42,0
3576,42,0
3577,42,0
3578,42,0
3579,42,0
3580,42,0
3581,116,0
3582,116,0
3583,116,0
3584,236,0
3585,161,0
3586,161,0
3587,161,0
3588,162,0
3589,162,0
3590,162,0
3591,162,0
3592,162,0
3593,162,0
3594,162,0
3595,162,0
3596,162,0
3597,233,0
3598,162,0
3599,162,0
3600,233,0
3601,233,0
3602,233,0
3603,162,0
3604,233,0
3605,233,0
3606,162,0
3607,233,0
3608,233,0
3609,233,0
3610,233,0
3611,233,0
3612,229,0
3613,233,0
3614,42,0
3615,42,0
3616,42,0
3617,42,0
3618,41,0
3619,41,0
3620,42,0
3621,41,0
3622,74,0
3623,74,0
3624,41,0
3625,42,0
3626,42,0
3627,42,0
3628,74,0
3629,41,0
3630,74,0
3631,74,0
3632,42,0
3633,42,0
3634,42,0
3635,74,0
3636,74,0
3637,74,0
3638,42,0
3639,74,0
3640,74,0
3641,74,0
3642,42,0
3643,74,0
3644,74,0
3645,79,0
3646,79,0
3647,79,0
3648,79,0
3649,79,0
3650,79,0
3651,79,0
3652,79,0
3653,79,0
3654,79,0
3655,79,0
3656,236,0
3657,236,0
3658,43,0
3659,236,0
3660,236,0
3661,43,0
3662,75,0
3663,75,0
3664,75,0
3665,236,0
3666,236,0
3667,75,0
3668,75,0
3669,236,0
3670,236,0
3671,75,0
3672,75,0
3673,75,0
3674,236,0
3675,236,0
3676,236,0
3677,236,0
3678,263,0
3679,236,0
3680,236,0
3681,236,0
3682,263,0
3683,75,0
3684,75,0
3685,263,0
3686,263,0
3687,263,0
3688,236,0
3689,263,0
3690,4,0
3691,79,0
3692,79,0
3693,4,0
3694,4,0
3695,4,0
3696,4,0
3697,42,0
3698,42,0
3699,42,0
3700,42,0
3701,116,0
3702,42,0
3703,42,0
3704,42,0
3705,42,0
3706,42,0
3707,42,0
3708,116,0
3709,42,0
3710,42,0
3711,42,0
3712,42,0
3713,116,0
3714,42,0
3715,42,0
3716,42,0
3717,116,0
3718,107,0
3719,107,0
3720,107,0
3721,107,0
3722,107,0
3723,107,0
3724,107,0
3725,107,0
3726,107,0
3727,107,0
3728,107,0
3729,42,0
3730,42,0
3731,42,0
3732,75,0
3733,75,0
3734,75,0
3735,75,0
3736,75,0
3737,41,0
3738,75,0
3739,75,0
3740,75,0
3741,75,0
3742,75,0
3743,75,0
3744,74,0
3745,75,0
3746,75,0
3747,75,1
3748,74,0
3749,74,0
3750,74,0
3751,75,0
3752,75,0
3753,75,0
3754,75,0
3755,75,0
3756,74,0
3757,74,0
3758,75,0
3759,74,0
3760,74,0
3761,75,0
3762,75,0
3763,261,0
3764,68,0
3765,68,0
3766,68,0
3767,68,0
3768,68,0
3769,68,0
3770,68,0
3771,68,1
3772,68,0
3773,68,0
3774,50,0
3775,243,1
3776,243,1
3777,243,0
3778,243,0
3779,243,0
3780,232,0
3781,232,0
3782,232,0
3783,232,0
3784,231,0
3785,231,0
3786,231,0
3787,231,0
3788,231,0
3789,231,0
3790,75,0
3791,75,0
3792,75,0
3793,75,0
3794,75,0
3795,42,0
3796,42,0
3797,42,0
3798,42,0
3799,42,0
3800,42,0
3801,42,0
3802,170,0
3803,170,0
3804,170,0
3805,170,0
3806,170,0
3807,170,0
3808,164,0
3809,170,0
3810,170,0
3811,170,0
3812,170,0
3813,170,0
3814,170,0
3815,170,0
3816,170,0
3817,170,0
3818,137,0
3819,170,0
3820,137,0
3821,233,0
3822,233,0
3823,74,0
3824,74,0
3825,41,0
3826,41,0
3827,74,0
3828,74,0
3829,74,0
3830,74,0
3831,74,0
3832,74,0
3833,74,0
3834,74,0
3835,74,0
3836,74,0
3837,74,0
3838,74,0
3839,74,0
3840,74,0
3841,74,0
3842,74,0
3843,74,0
3844,74,0
3845,74,0
3846,74,0
3847,74,0
3848,74,0
3849,74,0
3850,74,0
3851,74,0
3852,74,0
3853,74,0
3854,74,0
3855,74,0
3856,74,0
3857,74,0
3858,74,0
3859,74,0
3860,142,0
3861,142,0
3862,43,0
3863,142,1
3864,142,0
3865,142,0
3866,238,0
3867,166,0
3868,166,0
3869,166,0
3870,166,0
3871,166,0
3872,166,1
3873,41,0
3874,74,0
3875,74,0
3876,74,0
3877,74,0
3878,74,0
3879,74,0
3880,74,0
3881,74,0
3882,74,0
3883,127,0
3884,68,0
3885,236,0
3886,236,0
3887,236,0
3888,236,0
3889,236,0
3890,236,0
3891,236,0
3892,236,0
3893,263,1
3894,236,0
3895,249,0
3896,68,0
3897,246,0
3898,68,0
3899,142,0
3900,166,0
3901,41,0
3902,41,0
3903,41,0
3904,41,0
3905,41,0
3906,42,0
3907,42,0
3908,42,0
3909,42,0
3910,42,0
3911,232,0
3912,45,0
3913,232,0
3914,74,0
3915,231,0
3916,231,0
3917,125,0
3918,231,0
3919,231,0
3920,231,0
3921,231,0
3922,231,0
3923,231,0
3924,231,0
3925,125,0
3926,231,0
3927,231,0
3928,231,0
3929,231,0
3930,125,0
3931,125,0
3932,125,0
3933,125,0
3934,125,0
3935,125,0
3936,158,0
3937,125,0
3938,158,0
3939,158,0
3940,158,0
3941,249,0
3942,158,0
3943,158,0
3944,158,0
3945,158,0
3946,158,0
3947,158,0
3948,158,0
3949,158,0
3950,158,0
3951,158,0
3952,158,0
3953,158,0
3954,158,0
3955,158,0
3956,158,0
3957,158,0
3958,158,0
3959,249,0
3960,158,0
3961,158,0
3962,158,0
3963,261,0
3964,261,0
3965,261,0
3966,261,0
3967,261,0
3968,237,0
3969,237,0
3970,236,0
3971,236,0
3972,236,0
3973,236,0
3974,236,0
3975,236,0
3976,236,0
3977,236,0
3978,236,0
3979,236,0
3980,236,0
3981,236,0
3982,236,0
3983,236,0
3984,263,0
3985,263,0
3986,236,0
3987,263,0
3988,232,0
3989,232,0
3990,45,0
3991,232,0
3992,45,0
3993,107,0
3994,107,0
3995,107,0
3996,107,0
3997,107,0
3998,107,0
3999,137,0
4000,75,0
4001,75,0
4002,75,0
4003,75,0
4004,75,0
4005,75,0
4006,75,0
4007,75,0
4008,75,0
4009,162,0
4010,161,0
4011,162,0
4012,162,0
4013,161,0
4014,162,0
4015,162,0
4016,162,0
4017,162,0
4018,162,0
4019,162,0
4020,162,0
4021,162,0
4022,229,0
4023,229,0
4024,229,0
4025,229,0
4026,229,0
4027,229,0
4028,229,1
4029,229,0
4030,229,0
4031,42,0
4032,42,0
4033,42,0
4034,42,0
4035,42,0
4036,42,0
4037,42,0
4038,41,0
4039,170,0
4040,164,0
4041,170,0
4042,170,0
4043,170,0
4044,170,0
4045,164,0
4046,170,0
4047,137,0
4048,170,0
4049,137,0
4050,137,0
4051,170,0
4052,170,0
4053,137,0
4054,137,0
4055,158,0
4056,236,0
4057,237,0
4058,236,0
4059,236,0
4060,236,0
4061,236,0
4062,236,0
4063,236,0
4064,236,0
4065,236,0
4066,263,0
4067,232,0
4068,45,0
4069,41,0
4070,41,0
4071,107,0
4072,107,0
4073,107,0
4074,224,0
4075,107,0
4076,244,0
4077,244,1
4078,244,0
4079,79,0
4080,79,0
4081,79,0
4082,79,0
4083,79,0
4084,79,0
4085,79,0
4086,79,0
4087,79,0
4088,4,0
4089,261,0
4090,261,0
4091,261,0
4092,141,0
4093,141,0
4094,232,0
4095,232,0
4096,107,0
4097,148,0
4098,68,0
4099,246,0
4100,143,0
4101,74,0
4102,148,0
4103,148,0
4104,74,0
4105,244,0
4106,243,0
4107,244,0
4108,243,0
4109,42,0
4110,42,0
4111,42,0
4112,42,0
4113,42,0
4114,224,0
4115,224,0
4116,224,0
4117,224,0
4118,224,0
4119,224,0
4120,236,0
4121,236,0
4122,236,0
4123,232,0
4124,68,0
4125,74,0
4126,41,0
4127,41,0
4128,74,0
4129,74,0
4130,74,0
4131,74,0
4132,74,0
4133,74,0
4134,162,0
4135,161,0
4136,162,0
4137,162,0
4138,161,0
4139,162,0
4140,162,0
4141,162,0
4142,229,0
4143,229,0
4144,229,0
4145,229,0
4146,229,0
4147,41,0
4148,41,0
4149,75,0
4150,75,0
4151,75,0
4152,75,0
4153,75,0
4154,75,0
4155,42,0
4156,42,0
4157,246,0
4158,246,0
4159,158,0
4160,137,0
4161,246,0
4162,246,0
4163,246,0
4164,246,0
4165,211,0
4166,249,0
4167,42,0
4168,42,0
4169,42,0
4170,42,0
4171,42,0
4172,229,1
4173,229,0
4174,229,0
4175,151,0
4176,125,0
4177,231,0
4178,244,0
4179,166,0
4180,166,0
4181,166,0
4182,166,0
4183,166,0
4184,244,0
4185,116,0
4186,244,0
4187,232,0
4188,137,0
4189,233,0
4190,233,0
4191,233,0
4192,233,0
4193,233,0
4194,74,0
4195,74,0
4196,74,0
4197,74,0
4198,74,0
4199,50,0
4200,164,0
4201,164,0
4202,209,0
4203,231,0
4204,231,0
4205,246,0
4206,261,0
4207,236,0
4208,236,0
4209,120,0
4210,120,0
4211,236,0
4212,75,0
4213,137,0
4214,233,0
4215,137,0
4216,233,0
4217,148,0
4218,148,0
4219,148,0
4220,170,0
4221,233,0
4222,233,0
4223,246,0
4224,158,0
4225,261,0
4226,246,0
4227,42,0
4228,137,0
4229,194,1
4230,194,0
4231,194,0
4232,194,0
4233,194,0
4234,50,0
4235,261,1
4236,261,0
4237,261,0
4238,261,0
4239,261,0
4240,261,0
4241,261,0
4242,261,0
4243,13,0
4244,261,0
4245,261,0
4246,244,0
4247,12,0
4248,233,0
4249,243,0
4250,243,0
4251,243,0
4252,244,0
4253,244,0
4254,244,0
4255,244,0
4256,116,0
4257,244,0
4258,244,0
4259,116,0
4260,244,0
4261,244,0
4262,244,0
4263,244,0
4264,244,0
4265,244,0
4266,120,0
4267,120,0
4268,120,0
4269,244,0
4270,244,0
4271,244,0
4272,244,0
4273,243,0
4274,244,0
4275,244,0
4276,244,0
4277,243,0
4278,244,0
4279,244,0
4280,244,0
4281,116,0
4282,152,0
4283,244,0
4284,239,0
4285,50,0
4286,50,0
4287,50,0
4288,194,0
4289,194,0
4290,194,0
4291,194,0
4292,194,0
4293,74,0
4294,88,0
4295,261,0
4296,261,0
4297,13,0
4298,13,0
4299,229,0
4300,140,0
4301,194,0
4302,194,0
4303,194,0
4304,194,0
4305,194,0
4306,194,0
4307,194,0
4308,194,0
4309,194,0
4310,194,0
4311,194,0
4312,194,0
4313,194,0
4314,194,0
4315,194,0
4316,194,1
4317,194,0
4318,194,0
4319,194,0
4320,194,0
4321,194,0
4322,194,0
4323,194,0
4324,194,0
4325,194,0
4326,194,0
4327,194,0
4328,194,0
4329,194,0
4330,194,0
4331,194,0
4332,194,0
4333,194,0
4334,194,0
4335,74,0
4336,45,0
4337,244,0
4338,231,0
4339,229,0
4340,233,0
4341,74,0
4342,74,0
4343,42,0
4344,120,0
4345,128,0
4346,246,0
4347,48,0
4348,48,0
4349,68,0
4350,48,0
4351,68,0
4352,68,0
4353,48,0
4354,48,0
4355,48,0
4356,48,0
4357,166,0
4358,166,0
4359,166,0
4360,166,0
4361,45,0
4362,244,0
4363,148,0
4364,244,0
4365,142,0
4366,194,0
4367,142,0
4368,194,0
4369,194,0
4370,194,0
4371,194,0
4372,194,0
4373,194,0
4374,194,0
4375,170,0
4376,45,0
4377,232,0
4378,232,0
4379,74,0
4380,153,0
4381,153,0
4382,170,0
4383,170,0
4384,170,0
