operator_id,vehicle_id,vehicle_type,shift_type,start_time,finish_time,on_which_day,worked_total,selected_shift_time,worked_today,total_overtime,overtime_today,expected_overtime,rested_total,selected_rest_time,selected_number_of_breaks,number_of_taken_breaks,satisfied_passengers
0,45,2019_nissan_leaf_sl_plus_driver_vehtype_HT,DRIVER_SHIFTS.NIGHT_SHIFT,20.0,5.0,1,29133.0,29133,29133.0,0.0,0,0,3054.229136498409,2993,2,2,10
0,28,2019_fiat_500e_driver_vehtype_HT,DRIVER_SHIFTS.NIGHT_SHIFT,20.0,6.633333333333334,1,35260.0,35260,35260.0,0.0,0,0,2637.0832121168164,3053,2,2,15
0,9,2019_fiat_500e_driver_vehtype_HT,DRIVER_SHIFTS.NIGHT_SHIFT,21.0,6.733333333333333,2,64929.0,30365,30365.0,0.0,0,0,44120.99999999999,7721,5,5,17
0,40,2019_nissan_leaf_sl_plus_driver_vehtype_HT,DRIVER_SHIFTS.NIGHT_SHIFT,22.0,7.216666666666667,1,28920.0,28920,28920.0,0.0,0,0,4158.952321075166,5246,4,4,9
0,15,2019_fiat_500e_driver_vehtype_HT,DRIVER_SHIFTS.NIGHT_SHIFT,22.0,7.283333333333333,1,29116.0,29116,29116.0,0.0,0,0,3827.4939487173656,2700,1,1,19
0,6,2019_fiat_500e_driver_vehtype_HT,DRIVER_SHIFTS.NIGHT_SHIFT,21.0,7.3,2,65083.0,31698,31698.0,0.0,0,0,44284.0,6093,4,4,13
0,19,2019_fiat_500e_driver_vehtype_HT,DRIVER_SHIFTS.NIGHT_SHIFT,21.0,7.4,2,66603.0,32784,32784.0,0.0,0,0,44039.0,7049,5,5,14
0,41,2019_nissan_leaf_sl_plus_driver_vehtype_HT,DRIVER_SHIFTS.NIGHT_SHIFT,21.0,7.633333333333334,1,33783.0,33783,33783.0,0.0,0,0,4374.06074337746,3206,2,2,11
0,44,2019_nissan_leaf_sl_plus_driver_vehtype_HT,DRIVER_SHIFTS.NIGHT_SHIFT,21.0,7.866666666666666,2,68366.0,35856,35856.0,0.0,0,0,42649.807143434045,4646,3,3,12
0,25,2019_fiat_500e_driver_vehtype_HT,DRIVER_SHIFTS.NIGHT_SHIFT,23.0,8.116666666666667,2,58762.0,29389,29389.0,0.0,0,0,42540.0,4586,3,3,15
0,39,2019_nissan_leaf_sl_plus_driver_vehtype_HT,DRIVER_SHIFTS.NIGHT_SHIFT,22.0,8.4,2,67002.0,32456,32456.0,0.0,0,0,44436.0,7849,5,5,11
0,22,2019_fiat_500e_driver_vehtype_HT,DRIVER_SHIFTS.NIGHT_SHIFT,23.0,8.683333333333334,1,30315.0,30315,30315.0,0.0,0,0,3953.4042400000226,2700,1,1,19
0,21,2019_fiat_500e_driver_vehtype_HT,DRIVER_SHIFTS.NIGHT_SHIFT,23.0,8.85,1,29170.0,29170,29170.0,0.0,0,0,5890.0,7117,5,5,21
0,4,2019_fiat_500e_driver_vehtype_HT,DRIVER_SHIFTS.NIGHT_SHIFT,0.0,9.416666666666666,1,29944.0,29944,29944.0,0.0,0,0,3608.133760000005,2700,1,1,20
0,5,2019_fiat_500e_driver_vehtype_HT,DRIVER_SHIFTS.NIGHT_SHIFT,0.0,9.466666666666667,1,29609.0,29609,29609.0,0.0,0,0,3990.473600000001,2700,1,1,35
0,35,2019_nissan_leaf_sl_plus_driver_vehtype_HT,DRIVER_SHIFTS.NIGHT_SHIFT,23.0,9.55,1,34522.0,34522,34522.0,0.0,0,0,3439,4884,3,3,10
0,13,2019_fiat_500e_driver_vehtype_HT,DRIVER_SHIFTS.NIGHT_SHIFT,23.0,9.6,2,65835.0,35529,35529.0,0.0,0,0,42029.142640000005,3146,2,2,21
0,11,2019_fiat_500e_driver_vehtype_HT,DRIVER_SHIFTS.NIGHT_SHIFT,0.0,10.3,1,32445.0,32445,32445.0,0.0,0,0,3937.1582399999998,2700,1,1,24
0,33,2019_nissan_leaf_sl_plus_driver_vehtype_HT,DRIVER_SHIFTS.NIGHT_SHIFT,1.0,10.733333333333333,2,64373.0,30057,30057.0,0.0,0,0,84157,3349,2,2,18
0,10,2019_fiat_500e_driver_vehtype_HT,DRIVER_SHIFTS.NIGHT_SHIFT,0.0,10.8,2,67903.0,34588,34588.0,0.0,0,0,83147.1312,2700,1,1,29
0,32,2019_fiat_500e_driver_vehtype_HT,DRIVER_SHIFTS.NIGHT_SHIFT,0.0,11.0,2,65718.0,30056,30056.0,0.0,0,0,88532.54734481024,7999,5,5,6
0,18,2019_fiat_500e_driver_vehtype_HT,DRIVER_SHIFTS.NIGHT_SHIFT,1.0,11.65,2,63585.0,30750,30750.0,0.0,0,0,86485.38063999999,6138,4,4,32
0,34,2019_nissan_leaf_sl_plus_driver_vehtype_HT,DRIVER_SHIFTS.NIGHT_SHIFT,2.0,11.966666666666667,2,61567.0,29589,29589.0,0.0,0,0,85479,6279,4,4,16
0,17,2019_fiat_500e_driver_vehtype_HT,DRIVER_SHIFTS.NIGHT_SHIFT,2.0,12.766666666666667,1,31722.0,31722,31722.0,0.0,0,0,6527.781371262854,5315,4,4,29
0,42,2019_nissan_leaf_sl_plus_driver_vehtype_HT,DRIVER_SHIFTS.NIGHT_SHIFT,3.0,12.9,1,30187.0,30187,30187.0,0.0,0,0,5424,5424,4,4,19
0,7,2019_fiat_500e_driver_vehtype_HT,DRIVER_SHIFTS.NIGHT_SHIFT,2.0,13.133333333333333,1,31245.0,31245,31245.0,0.0,0,0,8519.022880000015,6567,4,4,29
0,8,2019_fiat_500e_driver_vehtype_HT,DRIVER_SHIFTS.NIGHT_SHIFT,1.0,13.2,2,69990.0,34407,34407.0,0.0,0,0,87888.99321259359,5369,4,4,25
0,24,2019_fiat_500e_driver_vehtype_HT,DRIVER_SHIFTS.NIGHT_SHIFT,2.0,13.366666666666667,1,34061.0,34061,34061.0,0.0,0,0,6291.413717021421,2700,1,1,28
0,29,2019_fiat_500e_driver_vehtype_HT,DRIVER_SHIFTS.NIGHT_SHIFT,3.0,13.516666666666667,1,29615.0,29615,29615.0,0.0,0,0,7942.535357254436,2700,1,1,17
0,26,2019_fiat_500e_driver_vehtype_HT,DRIVER_SHIFTS.NIGHT_SHIFT,2.0,13.766666666666667,1,34503.0,34503,34503.0,0.0,0,0,7236.435108721961,4909,3,3,28
0,27,2019_fiat_500e_driver_vehtype_HT,DRIVER_SHIFTS.NIGHT_SHIFT,3.0,13.866666666666667,2,62020.0,30283,30283.0,0.0,0,0,87252.46440571205,4390,3,3,32
0,38,2019_nissan_leaf_sl_plus_driver_vehtype_HT,DRIVER_SHIFTS.NIGHT_SHIFT,3.0,14.533333333333333,1,34456.0,34456,34456.0,0.0,0,0,6938.338321469584,5687,4,4,24
0,1,2019_fiat_500e_driver_vehtype_HT,DRIVER_SHIFTS.NIGHT_SHIFT,3.0,15.016666666666667,2,66569.0,33581,33581.0,0.0,0,0,88250.41177563468,2700,1,1,30
0,30,2019_fiat_500e_driver_vehtype_HT,DRIVER_SHIFTS.NIGHT_SHIFT,3.0,15.333333333333334,1,33114.0,33114,33114.0,0.0,0,0,10703.571639474558,7681,5,5,34
0,69,2022_bmw_i4_m50_driver_vehtype_HT,DRIVER_SHIFTS.DAY_SHIFT,7.016666666666667,16.983333333333334,2,57940.0,29140,29140.0,0.0,0,0,53737.10975625941,2700,1,1,35
0,54,2019_nissan_leaf_sl_plus_driver_vehtype_HT,DRIVER_SHIFTS.DAY_SHIFT,7.016666666666667,17.533333333333335,3,94717.0,30649,30649.0,0.0,0,0,90002.91877527407,4344,3,3,44
0,95,2022_bmw_i4_m50_driver_vehtype_HT,DRIVER_SHIFTS.DAY_SHIFT,6.0,17.533333333333335,2,63186.0,34386,34386.0,0.0,0,0,42994.29098145324,4603,3,3,29
0,82,2022_bmw_i4_m50_driver_vehtype_HT,DRIVER_SHIFTS.DAY_SHIFT,7.0,17.766666666666666,3,87276.0,29095,29095.0,0.0,0,0,92794.79319237299,5506,4,4,26
0,72,2022_bmw_i4_m50_driver_vehtype_HT,DRIVER_SHIFTS.DAY_SHIFT,7.0,17.983333333333334,3,96283.0,32163,32163.0,0.0,0,0,99431.9153629569,4692,3,3,35
0,63,2019_nissan_leaf_sl_plus_driver_vehtype_HT,DRIVER_SHIFTS.DAY_SHIFT,6.0,18.0,3,104696.0,33889,33889.0,0.0,0,0,85250.252850213,4183,3,3,33
0,71,2022_bmw_i4_m50_driver_vehtype_HT,DRIVER_SHIFTS.DAY_SHIFT,7.0,18.083333333333332,3,101988.0,32061,32061.0,0.0,0,0,86014.3584784313,4637,3,3,39
0,57,2019_nissan_leaf_sl_plus_driver_vehtype_HT,DRIVER_SHIFTS.DAY_SHIFT,8.0,18.283333333333335,3,94894.0,30689,30689.0,0.0,0,0,83088.72903395962,2700,1,1,49
0,52,2019_nissan_leaf_sl_plus_driver_vehtype_HT,DRIVER_SHIFTS.DAY_SHIFT,6.0,18.316666666666666,3,105661.0,35292,35292.0,0.0,0,0,85693.4227216047,3239,2,2,41
0,60,2019_nissan_leaf_sl_plus_driver_vehtype_HT,DRIVER_SHIFTS.DAY_SHIFT,6.0,18.333333333333332,2,64592.0,35792,35792.0,0.0,0,0,50322.88901672099,2700,1,1,47
0,50,2019_nissan_leaf_sl_plus_driver_vehtype_HT,DRIVER_SHIFTS.DAY_SHIFT,7.0,18.516666666666666,2,59043.0,30243,30243.0,0.0,0,0,67249.64470229261,4308,3,3,45
0,65,2019_nissan_leaf_sl_plus_driver_vehtype_HT,DRIVER_SHIFTS.DAY_SHIFT,6.0,18.533333333333335,2,61800.0,33000,33000.0,0.0,0,0,56787.792662285676,7339,5,5,41
0,62,2019_nissan_leaf_sl_plus_driver_vehtype_HT,DRIVER_SHIFTS.DAY_SHIFT,7.0,18.566666666666666,3,102784.0,33146,33146.0,0.0,0,0,86582.91083053508,2700,1,1,38
0,84,2022_bmw_i4_m50_driver_vehtype_HT,DRIVER_SHIFTS.DAY_SHIFT,6.0,18.783333333333335,3,94344.0,35657,35657.0,0.0,0,0,81106.3527839586,6226,4,4,29
0,92,2022_bmw_i4_m50_driver_vehtype_HT,DRIVER_SHIFTS.DAY_SHIFT,8.0,18.85,3,103005.0,33042,33042.0,0.0,0,0,103512.5155455305,3065,2,2,37
0,56,2019_nissan_leaf_sl_plus_driver_vehtype_HT,DRIVER_SHIFTS.DAY_SHIFT,7.0,19.133333333333333,2,63739.0,34939,34939.0,0.0,0,0,59587.60942074114,2700,1,1,53
0,85,2022_bmw_i4_m50_driver_vehtype_HT,DRIVER_SHIFTS.DAY_SHIFT,7.0,19.166666666666668,2,64159.0,35359,35359.0,0.0,0,0,62167.92509250987,5981,4,4,41
0,68,2022_bmw_i4_m50_driver_vehtype_HT,DRIVER_SHIFTS.DAY_SHIFT,7.0,19.216666666666665,3,92854.0,33884,33884.0,0.0,0,0,98459.39636902742,2700,1,1,45
0,51,2019_nissan_leaf_sl_plus_driver_vehtype_HT,DRIVER_SHIFTS.DAY_SHIFT,8.0,19.233333333333334,3,92968.0,29839,29839.0,0.0,0,0,88740.26869980566,4252,3,3,41
0,66,2022_bmw_i4_m50_driver_vehtype_HT,DRIVER_SHIFTS.DAY_SHIFT,8.0,19.35,3,96398.0,29681,29681.0,0.0,0,0,98334.28243646136,4399,3,3,35
0,73,2022_bmw_i4_m50_driver_vehtype_HT,DRIVER_SHIFTS.DAY_SHIFT,7.016666666666667,19.45,2,61735.0,32935,32935.0,0.0,0,0,52200.314392452,5959,4,4,48
0,96,2022_bmw_i4_m50_driver_vehtype_HT,DRIVER_SHIFTS.DAY_SHIFT,8.0,19.883333333333333,3,99240.0,33336,33336.0,0.0,0,0,94906.72783802517,4429,3,3,46
0,83,2022_bmw_i4_m50_driver_vehtype_HT,DRIVER_SHIFTS.DAY_SHIFT,9.0,19.9,2,59501.0,30701,30701.0,0.0,0,0,49110.599830693485,5779,4,4,41
0,81,2022_bmw_i4_m50_driver_vehtype_HT,DRIVER_SHIFTS.DAY_SHIFT,8.016666666666667,19.95,2,62463.0,33663,33663.0,0.0,0,0,73752.86892315566,2700,1,1,45
0,98,2022_bmw_i4_m50_driver_vehtype_HT,DRIVER_SHIFTS.DAY_SHIFT,9.016666666666667,21.016666666666666,3,104045.0,33789,33789.0,0.0,0,0,103938.5946490956,2700,1,1,34
0,74,2022_bmw_i4_m50_driver_vehtype_HT,DRIVER_SHIFTS.DAY_SHIFT,9.0,21.35,2,63689.0,34889,34889.0,0.0,0,0,62752.69950214963,2700,1,1,53
0,58,2019_nissan_leaf_sl_plus_driver_vehtype_HT,DRIVER_SHIFTS.DAY_SHIFT,10.0,21.783333333333335,3,92085.0,32705,32705.0,0.0,0,0,117437.01521504308,4035,3,3,69
0,75,2022_bmw_i4_m50_driver_vehtype_HT,DRIVER_SHIFTS.DAY_SHIFT,10.0,21.8,2,61682.0,32882,32882.0,0.0,0,0,77748.87475947643,6890,5,5,62
0,49,2019_nissan_leaf_sl_plus_driver_vehtype_HT,DRIVER_SHIFTS.DAY_SHIFT,9.016666666666667,21.866666666666667,2,64292.0,35492,35492.0,0.0,0,0,72112.97996820815,8232,5,5,58
0,53,2019_nissan_leaf_sl_plus_driver_vehtype_HT,DRIVER_SHIFTS.DAY_SHIFT,10.0,21.883333333333333,3,93746.0,33462,33462.0,0.0,0,0,115547.53708469536,2700,1,1,68
0,55,2019_nissan_leaf_sl_plus_driver_vehtype_HT,DRIVER_SHIFTS.DAY_SHIFT,11.0,22.05,2,57910.0,29110,29110.0,0.0,0,0,70273.19232132443,6044,4,4,58
0,64,2019_nissan_leaf_sl_plus_driver_vehtype_HT,DRIVER_SHIFTS.DAY_SHIFT,11.0,22.966666666666665,2,61373.0,32573,32573.0,0.0,0,0,79179.216121846,3880,3,3,67
0,91,2022_bmw_i4_m50_driver_vehtype_HT,DRIVER_SHIFTS.DAY_SHIFT,12.0,22.966666666666665,2,61378.0,32578,32578.0,0.0,0,0,63635.80643705102,4201,3,3,58
0,46,2019_nissan_leaf_sl_plus_driver_vehtype_HT,DRIVER_SHIFTS.DAY_SHIFT,11.0,23.616666666666667,2,61966.0,33166,33166.0,0.0,0,0,59667.059438538796,4500,3,3,56
0,70,2022_bmw_i4_m50_driver_vehtype_HT,DRIVER_SHIFTS.DAY_SHIFT,12.0,0.06666666666666667,2,60622.0,31822,31822.0,0.0,0,0,88230.06326626432,7748,5,5,55
0,88,2022_bmw_i4_m50_driver_vehtype_HT,DRIVER_SHIFTS.DAY_SHIFT,11.0,0.7333333333333333,2,64438.0,35638,35638.0,0.0,0,0,60455.955399470666,8016,5,5,50
0,97,2022_bmw_i4_m50_driver_vehtype_HT,DRIVER_SHIFTS.DAY_SHIFT,12.0,0.85,2,63721.0,34921,34921.0,0.0,0,0,74080.14484763169,4721,3,3,65
0,86,2022_bmw_i4_m50_driver_vehtype_HT,DRIVER_SHIFTS.DAY_SHIFT,12.0,1.4,3,93568.0,35718,35718.0,0.0,0,0,106202.12584367272,7289,5,5,59
0,39,2019_nissan_leaf_sl_plus_driver_vehtype_HT,DRIVER_SHIFTS.NIGHT_SHIFT,20.0,5.733333333333333,3,95802.0,28800,28800.0,0.0,0,0,92087.64914971098,2700,1,1,24
0,44,2019_nissan_leaf_sl_plus_driver_vehtype_HT,DRIVER_SHIFTS.NIGHT_SHIFT,20.0,7.433333333333334,3,102605.0,34239,34239.0,0.0,0,0,93187.80714343404,6858,4,4,20
0,19,2019_fiat_500e_driver_vehtype_HT,DRIVER_SHIFTS.NIGHT_SHIFT,21.0,7.65,3,96852.0,30249,30249.0,0.0,0,0,100350.0,7351,5,5,22
0,30,2019_fiat_500e_driver_vehtype_HT,DRIVER_SHIFTS.NIGHT_SHIFT,23.033333333333335,8.116666666666667,2,62446.0,29332,29332.0,0.0,0,0,42577.5503989491,3165,2,2,23
0,32,2019_fiat_500e_driver_vehtype_HT,DRIVER_SHIFTS.NIGHT_SHIFT,21.0,8.15,3,99456.0,33738,33738.0,0.0,0,0,130341.54734481026,5809,4,4,26
0,28,2019_fiat_500e_driver_vehtype_HT,DRIVER_SHIFTS.NIGHT_SHIFT,0.0,8.816666666666666,2,64234.0,28974,28974.0,0.0,0,0,67857.08321211682,2700,1,1,6
0,7,2019_fiat_500e_driver_vehtype_HT,DRIVER_SHIFTS.NIGHT_SHIFT,22.0,8.85,2,62518.0,31273,31273.0,0.0,0,0,47797.02288000002,7358,5,5,31
0,8,2019_fiat_500e_driver_vehtype_HT,DRIVER_SHIFTS.NIGHT_SHIFT,22.0,9.283333333333333,3,105162.0,35172,35172.0,0.0,0,0,124490.9560925936,4222,3,3,37
0,18,2019_fiat_500e_driver_vehtype_HT,DRIVER_SHIFTS.NIGHT_SHIFT,22.0,9.466666666666667,3,99253.0,35668,35668.0,0.0,0,0,128919.74640000008,2700,1,1,25
0,35,2019_nissan_leaf_sl_plus_driver_vehtype_HT,DRIVER_SHIFTS.NIGHT_SHIFT,22.0,9.7,2,68854.0,34332,34332.0,0.0,0,0,55856.274836195626,6128,4,4,11
0,10,2019_fiat_500e_driver_vehtype_HT,DRIVER_SHIFTS.NIGHT_SHIFT,0.08333333333333333,9.916666666666666,3,100385.0,32482,32482.0,0.0,0,0,134713.24063999997,2700,1,1,15
0,34,2019_nissan_leaf_sl_plus_driver_vehtype_HT,DRIVER_SHIFTS.NIGHT_SHIFT,0.0,9.95,3,94328.0,32761,32761.0,0.0,0,0,131771.16453934961,2700,1,1,13
0,42,2019_nissan_leaf_sl_plus_driver_vehtype_HT,DRIVER_SHIFTS.NIGHT_SHIFT,0.03333333333333333,10.033333333333333,2,61281.0,31094,31094.0,0.0,0,0,53884.149862358914,3335,2,2,2
0,9,2019_fiat_500e_driver_vehtype_HT,DRIVER_SHIFTS.NIGHT_SHIFT,23.0,10.116666666666667,3,98052.0,33123,33123.0,0.0,0,0,109209.0,6528,4,4,28
0,16,2019_fiat_500e_driver_vehtype_HT,DRIVER_SHIFTS.NIGHT_SHIFT,0.0,10.216666666666667,1,31064.0,31064,31064.0,0.0,0,0,5418.631436977753,2700,1,1,9
0,26,2019_fiat_500e_driver_vehtype_HT,DRIVER_SHIFTS.NIGHT_SHIFT,0.11666666666666667,10.283333333333333,2,66429.0,31926,31926.0,0.0,0,0,50074.30741744397,3061,2,2,3
0,21,2019_fiat_500e_driver_vehtype_HT,DRIVER_SHIFTS.NIGHT_SHIFT,0.0,10.55,2,63717.0,34547,34547.0,0.0,0,0,63687.0,3257,2,2,13
0,11,2019_fiat_500e_driver_vehtype_HT,DRIVER_SHIFTS.NIGHT_SHIFT,1.1,10.633333333333333,2,63879.0,31434,31434.0,0.0,0,0,60823.74848000001,2700,1,1,11
0,31,2019_fiat_500e_driver_vehtype_HT,DRIVER_SHIFTS.NIGHT_SHIFT,0.0,10.633333333333333,1,33841.0,33841,33841.0,0.0,0,0,4240.169328893132,2700,1,1,4
0,15,2019_fiat_500e_driver_vehtype_HT,DRIVER_SHIFTS.NIGHT_SHIFT,1.0,10.866666666666667,2,60092.0,30976,30976.0,0.0,0,0,72078.49394871737,4471,3,3,9
0,40,2019_nissan_leaf_sl_plus_driver_vehtype_HT,DRIVER_SHIFTS.NIGHT_SHIFT,1.0,10.966666666666667,2,60100.0,31180,31180.0,0.0,0,0,72896.95232107516,4718,3,3,2
0,1,2019_fiat_500e_driver_vehtype_HT,DRIVER_SHIFTS.NIGHT_SHIFT,0.0,11.05,3,99121.0,32552,32552.0,0.0,0,0,127484.79465563469,5584,4,4,26
0,33,2019_nissan_leaf_sl_plus_driver_vehtype_HT,DRIVER_SHIFTS.NIGHT_SHIFT,0.0,11.1,3,99897.0,35524,35524.0,0.0,0,0,139903.54122422016,4407,3,3,13
0,13,2019_fiat_500e_driver_vehtype_HT,DRIVER_SHIFTS.NIGHT_SHIFT,1.0,11.45,3,97189.0,31354,31354.0,0.0,0,0,103497.14264,6028,4,4,12
0,45,2019_nissan_leaf_sl_plus_driver_vehtype_HT,DRIVER_SHIFTS.NIGHT_SHIFT,1.0,11.5,2,62877.0,33744,33744.0,0.0,0,0,79136.22913649841,4082,3,3,9
0,3,2019_fiat_500e_driver_vehtype_HT,DRIVER_SHIFTS.NIGHT_SHIFT,1.0,11.533333333333333,1,31355.0,31355,31355.0,0.0,0,0,5943.0,4320,3,3,32
0,0,2019_fiat_500e_driver_vehtype_HT,DRIVER_SHIFTS.NIGHT_SHIFT,2.0,11.633333333333333,1,29220.0,29220,29220.0,0.0,0,0,5273.204870616032,2700,1,1,15
0,22,2019_fiat_500e_driver_vehtype_HT,DRIVER_SHIFTS.NIGHT_SHIFT,1.0,11.95,2,64971.0,34656,34656.0,0.0,0,0,67316.40424000003,3193,2,2,16
0,29,2019_fiat_500e_driver_vehtype_HT,DRIVER_SHIFTS.NIGHT_SHIFT,1.05,11.966666666666667,2,62645.0,33030,33030.0,0.0,0,0,57535.49631450888,3371,2,2,15
0,4,2019_fiat_500e_driver_vehtype_HT,DRIVER_SHIFTS.NIGHT_SHIFT,2.0,12.033333333333333,2,58937.0,28993,28993.0,0.0,0,0,70256.34736000009,5711,4,4,19
0,6,2019_fiat_500e_driver_vehtype_HT,DRIVER_SHIFTS.NIGHT_SHIFT,0.0,12.4,3,100219.0,35136,35136.0,0.0,0,0,113635.7616,7759,5,5,26
0,37,2019_nissan_leaf_sl_plus_driver_vehtype_HT,DRIVER_SHIFTS.NIGHT_SHIFT,2.0,12.416666666666666,1,32083.0,32083,32083.0,0.0,0,0,5400,2700,1,1,5
0,38,2019_nissan_leaf_sl_plus_driver_vehtype_HT,DRIVER_SHIFTS.NIGHT_SHIFT,2.0,12.783333333333333,2,65288.0,30832,30832.0,0.0,0,0,56164.338321469586,7946,5,5,12
0,12,2019_fiat_500e_driver_vehtype_HT,DRIVER_SHIFTS.NIGHT_SHIFT,1.0,13.0,1,35760.0,35760,35760.0,0.0,0,0,6753.262257646884,2700,1,1,23
0,2,2019_fiat_500e_driver_vehtype_HT,DRIVER_SHIFTS.NIGHT_SHIFT,0.0,13.016666666666667,1,35901.0,35901,35901.0,0.0,0,0,10421.673600000044,7735,5,5,46
0,5,2019_fiat_500e_driver_vehtype_HT,DRIVER_SHIFTS.NIGHT_SHIFT,2.0166666666666666,13.133333333333333,2,62888.0,33279,33279.0,0.0,0,0,71092.73824000015,2700,1,1,33
0,25,2019_fiat_500e_driver_vehtype_HT,DRIVER_SHIFTS.NIGHT_SHIFT,2.0,13.133333333333333,3,92322.0,33560,33560.0,0.0,0,0,113131.16432000014,3427,2,2,19
0,24,2019_fiat_500e_driver_vehtype_HT,DRIVER_SHIFTS.NIGHT_SHIFT,2.05,13.2,2,68260.0,34199,34199.0,0.0,0,0,59223.79727404298,2977,2,2,15
0,17,2019_fiat_500e_driver_vehtype_HT,DRIVER_SHIFTS.NIGHT_SHIFT,2.0,13.25,2,66913.0,35191,35191.0,0.0,0,0,59361.781371262856,3436,2,2,9
0,41,2019_nissan_leaf_sl_plus_driver_vehtype_HT,DRIVER_SHIFTS.NIGHT_SHIFT,3.0,14.65,2,68255.0,34472,34472.0,0.0,0,0,81139.90317285723,4069,3,3,28
0,27,2019_fiat_500e_driver_vehtype_HT,DRIVER_SHIFTS.NIGHT_SHIFT,3.033333333333333,15.866666666666667,3,97976.0,35956,35956.0,0.0,0,0,145949.29833142424,7984,5,5,23
0,84,2022_bmw_i4_m50_driver_vehtype_HT,DRIVER_SHIFTS.DAY_SHIFT,6.0,15.9,4,126678.0,32334,32334.0,0.0,0,0,124809.3527839586,3323,2,2,15
0,91,2022_bmw_i4_m50_driver_vehtype_HT,DRIVER_SHIFTS.DAY_SHIFT,6.05,16.016666666666666,3,91848.0,30470,30470.0,0.0,0,0,98809.50273574913,2700,1,1,17
0,52,2019_nissan_leaf_sl_plus_driver_vehtype_HT,DRIVER_SHIFTS.DAY_SHIFT,6.0,16.25,4,134691.0,29030,29030.0,0.0,0,0,135200.19425050658,3134,2,2,33
0,92,2022_bmw_i4_m50_driver_vehtype_HT,DRIVER_SHIFTS.DAY_SHIFT,7.016666666666667,16.466666666666665,4,132061.0,29056,29056.0,0.0,0,0,157062.5919147081,5011,3,3,16
0,74,2022_bmw_i4_m50_driver_vehtype_HT,DRIVER_SHIFTS.DAY_SHIFT,6.033333333333333,16.7,3,96694.0,33005,33005.0,0.0,0,0,103575.90593318161,2700,1,1,27
0,98,2022_bmw_i4_m50_driver_vehtype_HT,DRIVER_SHIFTS.DAY_SHIFT,6.0,16.75,4,134096.0,30051,30051.0,0.0,0,0,144755.78708238975,6171,4,4,21
0,68,2022_bmw_i4_m50_driver_vehtype_HT,DRIVER_SHIFTS.DAY_SHIFT,7.0,16.916666666666668,4,122999.0,30145,30145.0,0.0,0,0,146244.38396726278,3122,2,2,30
0,99,2022_bmw_i4_m50_driver_vehtype_HT,DRIVER_SHIFTS.DAY_SHIFT,7.0,16.933333333333334,1,30307.0,30307,30307.0,0.0,0,0,5400,2700,1,1,10
0,81,2022_bmw_i4_m50_driver_vehtype_HT,DRIVER_SHIFTS.DAY_SHIFT,6.05,17.25,3,96921.0,34458,34458.0,0.0,0,0,120571.29824878194,5836,4,4,33
0,61,2019_nissan_leaf_sl_plus_driver_vehtype_HT,DRIVER_SHIFTS.DAY_SHIFT,6.0,17.516666666666666,1,31793.0,31793,31793.0,0.0,0,0,9433.933376773504,6391,4,4,25
0,59,2019_nissan_leaf_sl_plus_driver_vehtype_HT,DRIVER_SHIFTS.DAY_SHIFT,8.0,17.583333333333332,1,29837.0,29837,29837.0,0.0,0,0,4590.322305103837,3382,2,2,25
0,63,2019_nissan_leaf_sl_plus_driver_vehtype_HT,DRIVER_SHIFTS.DAY_SHIFT,7.0,17.866666666666667,4,135228.0,30532,30532.0,0.0,0,0,140488.82072362362,2700,1,1,30
0,46,2019_nissan_leaf_sl_plus_driver_vehtype_HT,DRIVER_SHIFTS.DAY_SHIFT,7.0,18.483333333333334,3,93805.0,31839,31839.0,0.0,0,0,95329.33052524409,6298,4,4,47
0,55,2019_nissan_leaf_sl_plus_driver_vehtype_HT,DRIVER_SHIFTS.DAY_SHIFT,7.0,18.933333333333334,3,93086.0,35176,35176.0,0.0,0,0,110094.11317045748,3383,2,2,53
0,66,2022_bmw_i4_m50_driver_vehtype_HT,DRIVER_SHIFTS.DAY_SHIFT,8.0,19.083333333333332,4,126583.0,30185,30185.0,0.0,0,0,153479.908972991,7373,5,5,28
0,78,2022_bmw_i4_m50_driver_vehtype_HT,DRIVER_SHIFTS.DAY_SHIFT,10.0,19.15,1,28863.0,28863,28863.0,0.0,0,0,3889.5385453418676,2700,1,1,26
0,95,2022_bmw_i4_m50_driver_vehtype_HT,DRIVER_SHIFTS.DAY_SHIFT,8.0,19.3,3,94509.0,31323,31323.0,0.0,0,0,104344.32121015913,2700,1,1,19
0,96,2022_bmw_i4_m50_driver_vehtype_HT,DRIVER_SHIFTS.DAY_SHIFT,9.0,19.333333333333332,4,130847.0,31607,31607.0,0.0,0,0,147625.10666484895,3066,2,2,35
0,56,2019_nissan_leaf_sl_plus_driver_vehtype_HT,DRIVER_SHIFTS.DAY_SHIFT,7.05,19.35,3,99128.0,35389,35389.0,0.0,0,0,114519.18065882337,4713,3,3,49
0,97,2022_bmw_i4_m50_driver_vehtype_HT,DRIVER_SHIFTS.DAY_SHIFT,8.0,19.433333333333334,3,97783.0,34062,34062.0,0.0,0,0,106815.42688392015,3027,2,2,20
0,60,2019_nissan_leaf_sl_plus_driver_vehtype_HT,DRIVER_SHIFTS.DAY_SHIFT,8.033333333333333,19.466666666666665,3,97851.0,33259,33259.0,0.0,0,0,111258.92679933795,7556,5,5,54
0,70,2022_bmw_i4_m50_driver_vehtype_HT,DRIVER_SHIFTS.DAY_SHIFT,8.0,19.65,3,93398.0,32776,32776.0,0.0,0,0,125791.97208867634,8242,5,5,41
0,79,2022_bmw_i4_m50_driver_vehtype_HT,DRIVER_SHIFTS.DAY_SHIFT,8.0,19.916666666666668,1,33349.0,33349,33349.0,0.0,0,0,9363.581016350046,2700,1,1,29
0,93,2022_bmw_i4_m50_driver_vehtype_HT,DRIVER_SHIFTS.DAY_SHIFT,9.0,19.966666666666665,1,31132.0,31132,31132.0,0.0,0,0,7996.563163663296,2700,1,1,29
0,65,2019_nissan_leaf_sl_plus_driver_vehtype_HT,DRIVER_SHIFTS.DAY_SHIFT,9.0,20.283333333333335,3,96121.0,34321,34321.0,0.0,0,0,114868.12132182324,3335,2,2,44
0,94,2022_bmw_i4_m50_driver_vehtype_HT,DRIVER_SHIFTS.DAY_SHIFT,10.0,20.366666666666667,1,31926.0,31926,31926.0,0.0,0,0,5371,5371,4,4,26
0,88,2022_bmw_i4_m50_driver_vehtype_HT,DRIVER_SHIFTS.DAY_SHIFT,8.0,20.383333333333333,3,100219.0,35781,35781.0,0.0,0,0,95248.0365565295,4651,3,3,29
0,83,2022_bmw_i4_m50_driver_vehtype_HT,DRIVER_SHIFTS.DAY_SHIFT,9.0,20.466666666666665,3,93014.0,33513,33513.0,0.0,0,0,103922.25034069347,7402,5,5,37
0,89,2022_bmw_i4_m50_driver_vehtype_HT,DRIVER_SHIFTS.DAY_SHIFT,10.0,20.533333333333335,1,32506.0,32506,32506.0,0.0,0,0,5400,2700,1,1,34
0,72,2022_bmw_i4_m50_driver_vehtype_HT,DRIVER_SHIFTS.DAY_SHIFT,9.0,20.816666666666666,4,130679.0,34396,34396.0,0.0,0,0,161347.11034360423,2700,1,1,44
0,57,2019_nissan_leaf_sl_plus_driver_vehtype_HT,DRIVER_SHIFTS.DAY_SHIFT,10.016666666666667,20.85,4,124584.0,29690,29690.0,0.0,0,0,151644.1661754337,6070,4,4,52
0,82,2022_bmw_i4_m50_driver_vehtype_HT,DRIVER_SHIFTS.DAY_SHIFT,9.0,21.033333333333335,4,121041.0,33765,33765.0,0.0,0,0,157066.2450028436,6744,5,5,22
0,90,2022_bmw_i4_m50_driver_vehtype_HT,DRIVER_SHIFTS.DAY_SHIFT,10.0,21.383333333333333,1,34098.0,34098,34098.0,0.0,0,0,6823.3919282711195,6142,4,4,31
0,48,2019_nissan_leaf_sl_plus_driver_vehtype_HT,DRIVER_SHIFTS.DAY_SHIFT,9.0,21.416666666666668,1,35568.0,35568,35568.0,0.0,0,0,8870.121583190996,2700,1,1,51
0,75,2022_bmw_i4_m50_driver_vehtype_HT,DRIVER_SHIFTS.DAY_SHIFT,10.0,21.433333333333334,3,92238.0,30556,30556.0,0.0,0,0,132075.67339388822,6548,5,5,44
0,53,2019_nissan_leaf_sl_plus_driver_vehtype_HT,DRIVER_SHIFTS.DAY_SHIFT,10.033333333333333,21.45,4,127266.0,33520,33520.0,0.0,0,0,170151.14908441989,4016,3,3,52
0,76,2022_bmw_i4_m50_driver_vehtype_HT,DRIVER_SHIFTS.DAY_SHIFT,10.0,21.466666666666665,1,31795.0,31795,31795.0,0.0,0,0,9296.22532082585,2700,1,1,30
0,58,2019_nissan_leaf_sl_plus_driver_vehtype_HT,DRIVER_SHIFTS.DAY_SHIFT,11.05,21.983333333333334,4,123366.0,31281,31281.0,0.0,0,0,176377.58871447932,3101,2,2,47
0,50,2019_nissan_leaf_sl_plus_driver_vehtype_HT,DRIVER_SHIFTS.DAY_SHIFT,11.0,22.083333333333332,3,88150.0,29107,29107.0,0.0,0,0,136795.21147570343,7224,5,5,58
0,80,2022_bmw_i4_m50_driver_vehtype_HT,DRIVER_SHIFTS.DAY_SHIFT,11.0,22.133333333333333,1,34604.0,34604,34604.0,0.0,0,0,5447.166384993248,4175,3,3,45
0,67,2022_bmw_i4_m50_driver_vehtype_HT,DRIVER_SHIFTS.DAY_SHIFT,12.0,22.466666666666665,1,29629.0,29629,29629.0,0.0,0,0,7828.0,7828,5,5,39
0,71,2022_bmw_i4_m50_driver_vehtype_HT,DRIVER_SHIFTS.DAY_SHIFT,11.0,22.466666666666665,4,134970.0,32982,32982.0,0.0,0,0,154784.64203113737,5669,4,4,51
0,54,2019_nissan_leaf_sl_plus_driver_vehtype_HT,DRIVER_SHIFTS.DAY_SHIFT,11.0,22.916666666666668,4,129626.0,34909,34909.0,0.0,0,0,160385.1959775863,6092,4,4,36
0,47,2019_nissan_leaf_sl_plus_driver_vehtype_HT,DRIVER_SHIFTS.DAY_SHIFT,11.0,22.983333333333334,1,33508.0,33508,33508.0,0.0,0,0,9097.858480337502,3123,2,2,58
0,87,2022_bmw_i4_m50_driver_vehtype_HT,DRIVER_SHIFTS.DAY_SHIFT,12.0,23.266666666666666,1,32379.0,32379,32379.0,0.0,0,0,7840.220475338072,2700,1,1,46
0,62,2019_nissan_leaf_sl_plus_driver_vehtype_HT,DRIVER_SHIFTS.DAY_SHIFT,12.1,23.5,4,136179.0,33395,33395.0,0.0,0,0,160292.03745817998,5782,4,4,53
0,77,2022_bmw_i4_m50_driver_vehtype_HT,DRIVER_SHIFTS.DAY_SHIFT,11.0,23.666666666666668,1,35750.0,35750,35750.0,0.0,0,0,9636.249726823697,5773,4,4,41
0,69,2022_bmw_i4_m50_driver_vehtype_HT,DRIVER_SHIFTS.DAY_SHIFT,12.0,23.783333333333335,3,91590.0,33650,33650.0,0.0,0,0,130502.5554969065,7780,5,5,54
0,51,2019_nissan_leaf_sl_plus_driver_vehtype_HT,DRIVER_SHIFTS.DAY_SHIFT,12.0,23.883333333333333,4,125112.0,32144,32144.0,0.0,0,0,159490.73026743572,4559,3,3,51
0,64,2019_nissan_leaf_sl_plus_driver_vehtype_HT,DRIVER_SHIFTS.DAY_SHIFT,12.066666666666666,23.883333333333333,3,94842.0,33469,33469.0,0.0,0,0,138934.61260091767,7234,5,5,55
0,85,2022_bmw_i4_m50_driver_vehtype_HT,DRIVER_SHIFTS.DAY_SHIFT,12.0,0.38333333333333336,3,96707.0,32548,32548.0,0.0,0,0,134357.03574698046,7542,5,5,37
0,49,2019_nissan_leaf_sl_plus_driver_vehtype_HT,DRIVER_SHIFTS.DAY_SHIFT,12.0,0.6166666666666667,3,98536.0,34244,34244.0,0.0,0,0,133595.36647630067,7232,5,5,48
0,73,2022_bmw_i4_m50_driver_vehtype_HT,DRIVER_SHIFTS.DAY_SHIFT,12.0,0.6333333333333333,3,97144.0,35409,35409.0,0.0,0,0,121317.15802815801,3046,2,2,44
0,24,2019_fiat_500e_driver_vehtype_HT,DRIVER_SHIFTS.NIGHT_SHIFT,20.0,4.95,3,97397.0,29137,29137.0,0.0,0,0,86403.79727404298,2700,1,1,13
0,9,2019_fiat_500e_driver_vehtype_HT,DRIVER_SHIFTS.NIGHT_SHIFT,21.0,5.866666666666666,4,127049.0,28997,28997.0,0.0,0,0,151089.0,2700,1,1,13
0,42,2019_nissan_leaf_sl_plus_driver_vehtype_HT,DRIVER_SHIFTS.NIGHT_SHIFT,20.0,5.983333333333333,3,91299.0,30018,30018.0,0.0,0,0,95664.14986235891,5900,4,4,12
0,19,2019_fiat_500e_driver_vehtype_HT,DRIVER_SHIFTS.NIGHT_SHIFT,20.0,6.2,4,127463.0,30611,30611.0,0.0,0,0,150487.99999999997,5678,4,4,11
0,41,2019_nissan_leaf_sl_plus_driver_vehtype_HT,DRIVER_SHIFTS.NIGHT_SHIFT,20.0,6.35,3,99104.0,30849,30849.0,0.0,0,0,106793.90317285723,6394,4,4,19
0,36,2019_nissan_leaf_sl_plus_driver_vehtype_HT,DRIVER_SHIFTS.NIGHT_SHIFT,20.0,6.766666666666667,1,35222.0,35222,35222.0,0.0,0,0,3206.4094159817764,2700,1,1,13
0,18,2019_fiat_500e_driver_vehtype_HT,DRIVER_SHIFTS.NIGHT_SHIFT,21.0,6.8,4,129325.0,30072,30072.0,0.0,0,0,175469.08656000005,4465,3,3,14
0,43,2019_nissan_leaf_sl_plus_driver_vehtype_HT,DRIVER_SHIFTS.NIGHT_SHIFT,21.0,6.9,1,31424.0,31424,31424.0,0.0,0,0,4176,4176,3,3,13
0,20,2019_fiat_500e_driver_vehtype_HT,DRIVER_SHIFTS.NIGHT_SHIFT,20.0,6.966666666666667,1,33260.0,33260,33260.0,0.0,0,0,5967.0,4355,3,3,18
0,7,2019_fiat_500e_driver_vehtype_HT,DRIVER_SHIFTS.NIGHT_SHIFT,20.016666666666666,7.283333333333333,3,96351.0,33833,33833.0,0.0,0,0,95505.51143999989,4956,3,3,23
0,40,2019_nissan_leaf_sl_plus_driver_vehtype_HT,DRIVER_SHIFTS.NIGHT_SHIFT,20.0,7.4,3,95357.0,35257,35257.0,0.0,0,0,111196.95232107516,5780,4,4,19
0,38,2019_nissan_leaf_sl_plus_driver_vehtype_HT,DRIVER_SHIFTS.NIGHT_SHIFT,21.0,7.75,3,100368.0,35080,35080.0,0.0,0,0,89305.21752493779,3338,2,2,9
0,15,2019_fiat_500e_driver_vehtype_HT,DRIVER_SHIFTS.NIGHT_SHIFT,22.0,7.816666666666666,3,89325.0,29233,29233.0,0.0,0,0,117959.61090871737,4495,3,3,13
0,14,2019_fiat_500e_driver_vehtype_HT,DRIVER_SHIFTS.NIGHT_SHIFT,21.0,8.133333333333333,1,33149.0,33149,33149.0,0.0,0,0,6785.668481171206,5575,4,4,14
0,34,2019_nissan_leaf_sl_plus_driver_vehtype_HT,DRIVER_SHIFTS.NIGHT_SHIFT,23.0,8.733333333333333,4,124779.0,30451,30451.0,0.0,0,0,183379.16453934961,3139,2,2,13
0,28,2019_fiat_500e_driver_vehtype_HT,DRIVER_SHIFTS.NIGHT_SHIFT,23.0,9.05,3,94581.0,30347,30347.0,0.0,0,0,124646.19825211682,3165,2,2,17
0,62,2019_nissan_leaf_sl_plus_driver_vehtype_HT,DRIVER_SHIFTS.DAY_SHIFT,7.0,9.166666666666666,5,144000.0,7821,7821.0,0.0,0,0,187292.03745817998,0,0,0,7
0,30,2019_fiat_500e_driver_vehtype_HT,DRIVER_SHIFTS.NIGHT_SHIFT,23.0,9.366666666666667,3,91826.0,29380,29380.0,0.0,0,0,103851.80191894916,2700,1,1,17
0,21,2019_fiat_500e_driver_vehtype_HT,DRIVER_SHIFTS.NIGHT_SHIFT,21.0,9.383333333333333,3,98624.0,34907,34907.0,0.0,0,0,110597.72736000006,8020,5,5,25
0,39,2019_nissan_leaf_sl_plus_driver_vehtype_HT,DRIVER_SHIFTS.NIGHT_SHIFT,23.0,9.766666666666667,4,129138.0,33336,33336.0,0.0,0,0,159647.64914971098,2700,1,1,16
0,17,2019_fiat_500e_driver_vehtype_HT,DRIVER_SHIFTS.NIGHT_SHIFT,23.05,9.883333333333333,3,101531.0,34618,34618.0,0.0,0,0,100162.7831425257,2856,2,2,7
0,11,2019_fiat_500e_driver_vehtype_HT,DRIVER_SHIFTS.NIGHT_SHIFT,23.0,10.3,3,97113.0,33234,33234.0,0.0,0,0,112377.47888000001,4078,3,3,15
0,13,2019_fiat_500e_driver_vehtype_HT,DRIVER_SHIFTS.NIGHT_SHIFT,0.0,10.65,4,127199.0,30010,30010.0,0.0,0,0,156707.88760000016,2700,1,1,21
0,1,2019_fiat_500e_driver_vehtype_HT,DRIVER_SHIFTS.NIGHT_SHIFT,23.05,10.683333333333334,4,132861.0,33740,33740.0,0.0,0,0,179357.2241912693,5185,4,4,23
0,8,2019_fiat_500e_driver_vehtype_HT,DRIVER_SHIFTS.NIGHT_SHIFT,23.033333333333335,10.733333333333333,4,139278.0,34116,34116.0,0.0,0,0,182715.09034518723,4616,3,3,26
0,98,2022_bmw_i4_m50_driver_vehtype_HT,DRIVER_SHIFTS.DAY_SHIFT,8.0,10.766666666666667,5,144000.0,9904,9904.0,0.0,0,0,199655.78708238975,0,0,0,12
0,33,2019_nissan_leaf_sl_plus_driver_vehtype_HT,DRIVER_SHIFTS.NIGHT_SHIFT,0.0,10.783333333333333,4,132334.0,32437,32437.0,0.0,0,0,192333.78572595425,2843,2,2,25
0,23,2019_fiat_500e_driver_vehtype_HT,DRIVER_SHIFTS.NIGHT_SHIFT,23.0,10.916666666666666,1,35542.0,35542,35542.0,0.0,0,0,6817.460940117087,4402,3,3,25
0,10,2019_fiat_500e_driver_vehtype_HT,DRIVER_SHIFTS.NIGHT_SHIFT,0.0,11.133333333333333,4,130506.0,30121,30121.0,0.0,0,0,194743.04384000011,2700,1,1,25
0,27,2019_fiat_500e_driver_vehtype_HT,DRIVER_SHIFTS.NIGHT_SHIFT,0.05,11.883333333333333,4,131963.0,33987,33987.0,0.0,0,0,184898.14369713658,6133,4,4,23
0,45,2019_nissan_leaf_sl_plus_driver_vehtype_HT,DRIVER_SHIFTS.NIGHT_SHIFT,1.0,11.966666666666667,3,93774.0,30897,30897.0,0.0,0,0,136204.93158516943,2700,1,1,20
0,16,2019_fiat_500e_driver_vehtype_HT,DRIVER_SHIFTS.NIGHT_SHIFT,1.0,12.15,2,63200.0,32136,32136.0,0.0,0,0,66307.898796978,4518,3,3,27
0,35,2019_nissan_leaf_sl_plus_driver_vehtype_HT,DRIVER_SHIFTS.NIGHT_SHIFT,2.0,12.25,3,99391.0,30537,30537.0,0.0,0,0,120775.359509028,5791,4,4,30
0,32,2019_fiat_500e_driver_vehtype_HT,DRIVER_SHIFTS.NIGHT_SHIFT,1.0,12.416666666666666,4,131976.0,32520,32520.0,0.0,0,0,199225.4764648104,2700,1,1,19
0,31,2019_fiat_500e_driver_vehtype_HT,DRIVER_SHIFTS.NIGHT_SHIFT,2.0,12.45,2,63858.0,30017,30017.0,0.0,0,0,66600.98396889344,3271,2,2,26
0,63,2019_nissan_leaf_sl_plus_driver_vehtype_HT,DRIVER_SHIFTS.DAY_SHIFT,10.05,12.483333333333333,5,144000.0,8772,8772.0,0.0,0,0,202061.85801429933,0,0,0,5
0,3,2019_fiat_500e_driver_vehtype_HT,DRIVER_SHIFTS.NIGHT_SHIFT,2.05,12.616666666666667,2,61588.0,30233,30233.0,0.0,0,0,66768.25712000027,2837,2,2,32
0,29,2019_fiat_500e_driver_vehtype_HT,DRIVER_SHIFTS.NIGHT_SHIFT,2.033333333333333,12.65,3,92256.0,29611,29611.0,0.0,0,0,117930.15647176333,7511,5,5,26
0,96,2022_bmw_i4_m50_driver_vehtype_HT,DRIVER_SHIFTS.DAY_SHIFT,8.0,12.783333333333333,5,144000.0,13153,13153.0,0.0,0,0,197107.79681131957,0,0,0,21
0,72,2022_bmw_i4_m50_driver_vehtype_HT,DRIVER_SHIFTS.DAY_SHIFT,8.0,12.8,5,144000.0,13321,13321.0,0.0,0,0,205438.65534619257,0,0,0,16
0,26,2019_fiat_500e_driver_vehtype_HT,DRIVER_SHIFTS.NIGHT_SHIFT,3.0,13.416666666666666,3,95476.0,29047,29047.0,0.0,0,0,118338.94997744416,2700,1,1,29
0,68,2022_bmw_i4_m50_driver_vehtype_HT,DRIVER_SHIFTS.DAY_SHIFT,6.0,13.483333333333333,5,144000.0,21001,21001.0,0.0,0,0,199159.38396726278,5815,4,4,24
0,92,2022_bmw_i4_m50_driver_vehtype_HT,DRIVER_SHIFTS.DAY_SHIFT,9.0,13.516666666666667,5,144000.0,11939,11939.0,0.0,0,0,220584.88072153163,0,0,0,6
0,12,2019_fiat_500e_driver_vehtype_HT,DRIVER_SHIFTS.NIGHT_SHIFT,3.0166666666666666,13.6,2,65570.0,29810,29810.0,0.0,0,0,66152.29203529414,5559,4,4,30
0,71,2022_bmw_i4_m50_driver_vehtype_HT,DRIVER_SHIFTS.DAY_SHIFT,10.0,13.633333333333333,5,144000.0,9030,9030.0,0.0,0,0,200214.04681525507,0,0,0,10
0,25,2019_fiat_500e_driver_vehtype_HT,DRIVER_SHIFTS.NIGHT_SHIFT,3.0,13.716666666666667,4,122455.0,30133,30133.0,0.0,0,0,171057.80096000028,2700,1,1,32
0,6,2019_fiat_500e_driver_vehtype_HT,DRIVER_SHIFTS.NIGHT_SHIFT,3.0,13.75,4,130638.0,30419,30419.0,0.0,0,0,174026.652,2700,1,1,34
0,0,2019_fiat_500e_driver_vehtype_HT,DRIVER_SHIFTS.NIGHT_SHIFT,3.0,13.866666666666667,2,61196.0,31976,31976.0,0.0,0,0,67225.27591061628,2700,1,1,27
0,4,2019_fiat_500e_driver_vehtype_HT,DRIVER_SHIFTS.NIGHT_SHIFT,2.0,13.966666666666667,3,91750.0,32813,32813.0,0.0,0,0,129960.36160000028,6207,4,4,30
0,22,2019_fiat_500e_driver_vehtype_HT,DRIVER_SHIFTS.NIGHT_SHIFT,2.05,14.1,3,99081.0,34110,34110.0,0.0,0,0,128390.09096000007,4127,3,3,40
0,82,2022_bmw_i4_m50_driver_vehtype_HT,DRIVER_SHIFTS.DAY_SHIFT,6.0,14.383333333333333,5,144000.0,22959,22959.0,0.0,0,0,196571.2450028436,7225,5,5,16
0,44,2019_nissan_leaf_sl_plus_driver_vehtype_HT,DRIVER_SHIFTS.NIGHT_SHIFT,3.0,14.433333333333334,4,134971.0,32366,32366.0,0.0,0,0,172300.2957127984,2700,1,1,27
0,37,2019_nissan_leaf_sl_plus_driver_vehtype_HT,DRIVER_SHIFTS.NIGHT_SHIFT,3.05,14.6,2,64890.0,32807,32807.0,0.0,0,0,69560.79505719675,7069,5,5,38
0,66,2022_bmw_i4_m50_driver_vehtype_HT,DRIVER_SHIFTS.DAY_SHIFT,9.0,14.766666666666667,5,144000.0,17417,17417.0,0.0,0,0,206918.908972991,3339,2,2,19
0,53,2019_nissan_leaf_sl_plus_driver_vehtype_HT,DRIVER_SHIFTS.DAY_SHIFT,9.016666666666667,14.85,5,144000.0,16734,16734.0,0.0,0,0,219258.4182454162,4269,3,3,28
0,2,2019_fiat_500e_driver_vehtype_HT,DRIVER_SHIFTS.NIGHT_SHIFT,3.0,15.083333333333334,2,69534.0,33633,33633.0,0.0,0,0,69957.5236000006,6137,4,4,48
0,58,2019_nissan_leaf_sl_plus_driver_vehtype_HT,DRIVER_SHIFTS.DAY_SHIFT,8.0,15.35,5,144000.0,20634,20634.0,0.0,0,0,218149.7926225718,2700,1,1,34
0,52,2019_nissan_leaf_sl_plus_driver_vehtype_HT,DRIVER_SHIFTS.DAY_SHIFT,12.0,15.416666666666666,5,144000.0,9309,9309.0,0.0,0,0,209298.89124992854,0,0,0,16
0,54,2019_nissan_leaf_sl_plus_driver_vehtype_HT,DRIVER_SHIFTS.DAY_SHIFT,11.033333333333333,15.883333333333333,5,144000.0,14374,14374.0,0.0,0,0,209789.75929158862,0,0,0,20
0,5,2019_fiat_500e_driver_vehtype_HT,DRIVER_SHIFTS.NIGHT_SHIFT,3.033333333333333,16.15,3,98715.0,35827,35827.0,0.0,0,0,132895.00376000087,6397,4,4,54
0,86,2022_bmw_i4_m50_driver_vehtype_HT,DRIVER_SHIFTS.DAY_SHIFT,6.0,16.516666666666666,4,122628.0,29060,29060.0,0.0,0,0,217926.07051237862,7483,5,5,37
0,80,2022_bmw_i4_m50_driver_vehtype_HT,DRIVER_SHIFTS.DAY_SHIFT,7.033333333333333,16.983333333333334,2,63657.0,29053,29053.0,0.0,0,0,48159.66180245713,4496,3,3,41
0,61,2019_nissan_leaf_sl_plus_driver_vehtype_HT,DRIVER_SHIFTS.DAY_SHIFT,6.0,17.85,2,65331.0,33538,33538.0,0.0,0,0,63382.00487041513,6005,4,4,49
0,51,2019_nissan_leaf_sl_plus_driver_vehtype_HT,DRIVER_SHIFTS.DAY_SHIFT,10.0,17.866666666666667,5,144000.0,18888,18888.0,0.0,0,0,205027.60850789817,6161,4,4,34
0,95,2022_bmw_i4_m50_driver_vehtype_HT,DRIVER_SHIFTS.DAY_SHIFT,6.0,17.966666666666665,4,129421.0,34912,34912.0,0.0,0,0,150863.5566450998,7496,5,5,50
0,49,2019_nissan_leaf_sl_plus_driver_vehtype_HT,DRIVER_SHIFTS.DAY_SHIFT,8.0,18.6,4,129123.0,30587,30587.0,0.0,0,0,167413.8052618498,4230,3,3,53
0,65,2019_nissan_leaf_sl_plus_driver_vehtype_HT,DRIVER_SHIFTS.DAY_SHIFT,8.0,18.716666666666665,4,125434.0,29313,29313.0,0.0,0,0,165963.6759310718,7235,5,5,39
0,89,2022_bmw_i4_m50_driver_vehtype_HT,DRIVER_SHIFTS.DAY_SHIFT,8.05,18.766666666666666,2,64170.0,31664,31664.0,0.0,0,0,58757.404015429725,2989,2,2,59
0,84,2022_bmw_i4_m50_driver_vehtype_HT,DRIVER_SHIFTS.DAY_SHIFT,12.0,18.816666666666666,5,144000.0,17322,17322.0,0.0,0,0,204284.3527839586,7115,5,5,21
0,57,2019_nissan_leaf_sl_plus_driver_vehtype_HT,DRIVER_SHIFTS.DAY_SHIFT,12.0,19.066666666666666,5,144000.0,19416,19416.0,0.0,0,0,211971.76491474026,2700,1,1,32
0,74,2022_bmw_i4_m50_driver_vehtype_HT,DRIVER_SHIFTS.DAY_SHIFT,8.0,19.166666666666668,4,126586.0,29892,29892.0,0.0,0,0,168765.5712554757,6805,4,4,52
0,87,2022_bmw_i4_m50_driver_vehtype_HT,DRIVER_SHIFTS.DAY_SHIFT,9.0,19.316666666666666,2,62814.0,30435,30435.0,0.0,0,0,49487.21103292634,4200,3,3,37
0,78,2022_bmw_i4_m50_driver_vehtype_HT,DRIVER_SHIFTS.DAY_SHIFT,7.0,19.416666666666668,2,62930.0,34067,34067.0,0.0,0,0,56843.57537769483,8148,5,5,37
0,99,2022_bmw_i4_m50_driver_vehtype_HT,DRIVER_SHIFTS.DAY_SHIFT,7.0,19.533333333333335,2,65996.0,35689,35689.0,0.0,0,0,65320.685417512905,6685,5,5,33
0,46,2019_nissan_leaf_sl_plus_driver_vehtype_HT,DRIVER_SHIFTS.DAY_SHIFT,8.033333333333333,19.55,4,124410.0,30605,30605.0,0.0,0,0,157307.6352880605,7315,5,5,54
0,69,2022_bmw_i4_m50_driver_vehtype_HT,DRIVER_SHIFTS.DAY_SHIFT,8.0,19.566666666666666,4,122712.0,31122,31122.0,0.0,0,0,170313.91766902414,7818,5,5,56
0,47,2019_nissan_leaf_sl_plus_driver_vehtype_HT,DRIVER_SHIFTS.DAY_SHIFT,9.0,19.816666666666666,2,66046.0,32538,32538.0,0.0,0,0,54316.99002194715,2700,1,1,47
0,70,2022_bmw_i4_m50_driver_vehtype_HT,DRIVER_SHIFTS.DAY_SHIFT,9.0,19.833333333333332,4,124466.0,31068,31068.0,0.0,0,0,181700.4364646179,2700,1,1,41
0,91,2022_bmw_i4_m50_driver_vehtype_HT,DRIVER_SHIFTS.DAY_SHIFT,8.0,19.883333333333333,4,125084.0,33236,33236.0,0.0,0,0,165645.23942286684,4490,3,3,57
0,59,2019_nissan_leaf_sl_plus_driver_vehtype_HT,DRIVER_SHIFTS.DAY_SHIFT,9.0,20.35,2,61404.0,31567,31567.0,0.0,0,0,69019.65870302278,3227,2,2,51
0,90,2022_bmw_i4_m50_driver_vehtype_HT,DRIVER_SHIFTS.DAY_SHIFT,9.0,20.4,2,68492.0,34394,34394.0,0.0,0,0,55256.78649009472,6181,4,4,43
0,83,2022_bmw_i4_m50_driver_vehtype_HT,DRIVER_SHIFTS.DAY_SHIFT,10.0,21.35,4,125252.0,32238,32238.0,0.0,0,0,160808.0323279879,3379,2,2,50
0,79,2022_bmw_i4_m50_driver_vehtype_HT,DRIVER_SHIFTS.DAY_SHIFT,11.0,21.366666666666667,2,62522.0,29173,29173.0,0.0,0,0,71548.18523276185,3281,2,2,48
0,94,2022_bmw_i4_m50_driver_vehtype_HT,DRIVER_SHIFTS.DAY_SHIFT,11.016666666666667,21.4,2,61943.0,30017,30017.0,0.0,0,0,69490.69184931467,3239,2,2,47
0,67,2022_bmw_i4_m50_driver_vehtype_HT,DRIVER_SHIFTS.DAY_SHIFT,10.033333333333333,21.85,2,62054.0,32425,32425.0,0.0,0,0,63291.44528923547,7733,5,5,54
0,75,2022_bmw_i4_m50_driver_vehtype_HT,DRIVER_SHIFTS.DAY_SHIFT,10.0,21.933333333333334,4,126509.0,34271,34271.0,0.0,0,0,185631.81266653532,4273,3,3,67
0,93,2022_bmw_i4_m50_driver_vehtype_HT,DRIVER_SHIFTS.DAY_SHIFT,10.0,22.116666666666667,2,67065.0,35933,35933.0,0.0,0,0,65992.83239301626,6810,4,4,43
0,55,2019_nissan_leaf_sl_plus_driver_vehtype_HT,DRIVER_SHIFTS.DAY_SHIFT,12.016666666666667,22.3,4,123794.0,30708,30708.0,0.0,0,0,180953.72112935447,2700,1,1,61
0,48,2019_nissan_leaf_sl_plus_driver_vehtype_HT,DRIVER_SHIFTS.DAY_SHIFT,9.0,22.333333333333332,2,71257.0,35689,35689.0,0.0,0,0,62463.49711267076,2700,1,1,72
0,88,2022_bmw_i4_m50_driver_vehtype_HT,DRIVER_SHIFTS.DAY_SHIFT,12.0,22.433333333333334,4,132012.0,31793,31793.0,0.0,0,0,157068.47033958838,3005,2,2,43
0,81,2022_bmw_i4_m50_driver_vehtype_HT,DRIVER_SHIFTS.DAY_SHIFT,11.05,22.466666666666665,4,131304.0,34383,34383.0,0.0,0,0,194983.42548029075,2700,1,1,56
0,77,2022_bmw_i4_m50_driver_vehtype_HT,DRIVER_SHIFTS.DAY_SHIFT,12.0,22.55,2,66294.0,30544,30544.0,0.0,0,0,61267.87198394139,6054,4,4,46
0,85,2022_bmw_i4_m50_driver_vehtype_HT,DRIVER_SHIFTS.DAY_SHIFT,11.0,22.716666666666665,4,129378.0,32671,32671.0,0.0,0,0,181873.57827698052,2700,1,1,45
0,60,2019_nissan_leaf_sl_plus_driver_vehtype_HT,DRIVER_SHIFTS.DAY_SHIFT,12.116666666666667,22.883333333333333,4,128877.0,31026,31026.0,0.0,0,0,181760.40824322656,4854,3,3,49
0,76,2022_bmw_i4_m50_driver_vehtype_HT,DRIVER_SHIFTS.DAY_SHIFT,11.0,23.333333333333332,2,64984.0,33189,33189.0,0.0,0,0,69022.14887641431,7169,5,5,58
0,97,2022_bmw_i4_m50_driver_vehtype_HT,DRIVER_SHIFTS.DAY_SHIFT,12.0,23.466666666666665,4,129144.0,31361,31361.0,0.0,0,0,175856.9460200382,3098,2,2,54
0,50,2019_nissan_leaf_sl_plus_driver_vehtype_HT,DRIVER_SHIFTS.DAY_SHIFT,12.033333333333333,23.6,4,120563.0,32413,32413.0,0.0,0,0,198928.62212308298,2700,1,1,62
0,56,2019_nissan_leaf_sl_plus_driver_vehtype_HT,DRIVER_SHIFTS.DAY_SHIFT,10.0,23.7,4,134580.0,35452,35452.0,0.0,0,0,180619.37485766734,5805,4,4,68
0,73,2022_bmw_i4_m50_driver_vehtype_HT,DRIVER_SHIFTS.DAY_SHIFT,12.0,23.85,4,128611.0,31467,31467.0,0.0,0,0,173232.25004486396,8167,5,5,58
0,33,2019_nissan_leaf_sl_plus_driver_vehtype_HT,DRIVER_SHIFTS.NIGHT_SHIFT,20.033333333333335,0.1,5,144000.0,11666,11666.0,0.0,0,0,231701.64126988492,0,0,0,16
0,44,2019_nissan_leaf_sl_plus_driver_vehtype_HT,DRIVER_SHIFTS.NIGHT_SHIFT,21.0,0.3,5,144000.0,9029,9029.0,0.0,0,0,198758.9551411221,0,0,0,9
0,64,2019_nissan_leaf_sl_plus_driver_vehtype_HT,DRIVER_SHIFTS.DAY_SHIFT,12.0,0.31666666666666665,4,127874.0,33032,33032.0,0.0,0,0,193302.24246218975,4983,3,3,63
0,6,2019_fiat_500e_driver_vehtype_HT,DRIVER_SHIFTS.NIGHT_SHIFT,22.0,2.05,5,144000.0,13362,13362.0,0.0,0,0,206643.9812799999,0,0,0,12
0,10,2019_fiat_500e_driver_vehtype_HT,DRIVER_SHIFTS.NIGHT_SHIFT,22.05,2.283333333333333,5,144000.0,13494,13494.0,0.0,0,0,237188.64344000057,0,0,0,7
0,8,2019_fiat_500e_driver_vehtype_HT,DRIVER_SHIFTS.NIGHT_SHIFT,2.0,3.316666666666667,5,144000.0,4722,4722.0,0.0,0,0,237675.09034518723,0,0,0,0
0,32,2019_fiat_500e_driver_vehtype_HT,DRIVER_SHIFTS.NIGHT_SHIFT,0.05,3.3833333333333333,5,144000.0,12024,12024.0,0.0,0,0,242441.29108962082,0,0,0,0
0,1,2019_fiat_500e_driver_vehtype_HT,DRIVER_SHIFTS.NIGHT_SHIFT,0.0,3.45,5,144000.0,11139,11139.0,0.0,0,0,228512.4584312693,0,0,0,5
0,25,2019_fiat_500e_driver_vehtype_HT,DRIVER_SHIFTS.NIGHT_SHIFT,21.083333333333332,3.8666666666666667,5,144000.0,21545,21545.0,0.0,0,0,201947.12960000063,2700,1,1,14
0,27,2019_fiat_500e_driver_vehtype_HT,DRIVER_SHIFTS.NIGHT_SHIFT,1.0,4.35,5,144000.0,12037,12037.0,0.0,0,0,232118.14369713658,0,0,0,0
0,39,2019_nissan_leaf_sl_plus_driver_vehtype_HT,DRIVER_SHIFTS.NIGHT_SHIFT,23.033333333333335,4.883333333333334,5,144000.0,14862,14862.0,0.0,0,0,217436.77329942194,6231,4,4,0
0,19,2019_fiat_500e_driver_vehtype_HT,DRIVER_SHIFTS.NIGHT_SHIFT,0.0,5.7,5,144000.0,16537,16537.0,0.0,0,0,218556.99999999997,3989,3,3,0
0,23,2019_fiat_500e_driver_vehtype_HT,DRIVER_SHIFTS.NIGHT_SHIFT,20.0,6.083333333333333,2,67924.0,32382,32382.0,0.0,0,0,43293.56734011707,3200,2,2,15
0,12,2019_fiat_500e_driver_vehtype_HT,DRIVER_SHIFTS.NIGHT_SHIFT,20.05,6.316666666666666,3,98289.0,32719,32719.0,0.0,0,0,94346.9138129416,3328,2,2,21
0,42,2019_nissan_leaf_sl_plus_driver_vehtype_HT,DRIVER_SHIFTS.NIGHT_SHIFT,20.0,6.65,4,123803.0,32504,32504.0,0.0,0,0,151911.14986235893,5787,4,4,22
0,0,2019_fiat_500e_driver_vehtype_HT,DRIVER_SHIFTS.NIGHT_SHIFT,21.0,7.433333333333334,3,95959.0,34763,34763.0,0.0,0,0,95605.27591061628,2700,1,1,17
0,45,2019_nissan_leaf_sl_plus_driver_vehtype_HT,DRIVER_SHIFTS.NIGHT_SHIFT,21.0,7.566666666666666,4,128708.0,34934,34934.0,0.0,0,0,171678.09069094984,2700,1,1,15
0,41,2019_nissan_leaf_sl_plus_driver_vehtype_HT,DRIVER_SHIFTS.NIGHT_SHIFT,22.0,7.583333333333333,4,130499.0,31395,31395.0,0.0,0,0,166128.46234973604,2700,1,1,15
0,4,2019_fiat_500e_driver_vehtype_HT,DRIVER_SHIFTS.NIGHT_SHIFT,22.0,7.8,4,123369.0,31619,31619.0,0.0,0,0,162196.3616000003,3316,2,2,12
0,30,2019_fiat_500e_driver_vehtype_HT,DRIVER_SHIFTS.NIGHT_SHIFT,21.05,7.866666666666666,4,126773.0,34947,34947.0,0.0,0,0,150708.36395842352,3053,2,2,26
0,3,2019_fiat_500e_driver_vehtype_HT,DRIVER_SHIFTS.NIGHT_SHIFT,21.0,8.166666666666666,3,95977.0,34389,34389.0,0.0,0,0,102414.80256000056,3092,2,2,33
0,34,2019_nissan_leaf_sl_plus_driver_vehtype_HT,DRIVER_SHIFTS.NIGHT_SHIFT,2.0,8.216666666666667,5,144000.0,19221,19221.0,0.0,0,0,248645.16453934961,3106,2,2,4
0,18,2019_fiat_500e_driver_vehtype_HT,DRIVER_SHIFTS.NIGHT_SHIFT,3.0,8.333333333333334,5,144000.0,14675,14675.0,0.0,0,0,252628.08656000005,4439,3,3,13
0,13,2019_fiat_500e_driver_vehtype_HT,DRIVER_SHIFTS.NIGHT_SHIFT,3.033333333333333,8.85,5,144000.0,16801,16801.0,0.0,0,0,221130.9586400001,2700,1,1,12
0,9,2019_fiat_500e_driver_vehtype_HT,DRIVER_SHIFTS.NIGHT_SHIFT,3.0,9.166666666666666,5,144000.0,16951,16951.0,0.0,0,0,232279.97824,2700,1,1,23
0,7,2019_fiat_500e_driver_vehtype_HT,DRIVER_SHIFTS.NIGHT_SHIFT,22.0,9.483333333333333,4,130021.0,33670,33670.0,0.0,0,0,155801.60087999995,6175,4,4,27
0,24,2019_fiat_500e_driver_vehtype_HT,DRIVER_SHIFTS.NIGHT_SHIFT,23.0,9.533333333333333,4,129033.0,31636,31636.0,0.0,0,0,157423.48047404297,3179,2,2,13
0,29,2019_fiat_500e_driver_vehtype_HT,DRIVER_SHIFTS.NIGHT_SHIFT,23.0,9.683333333333334,4,121740.0,29484,29484.0,0.0,0,0,163842.55455176334,7342,5,5,14
0,2,2019_fiat_500e_driver_vehtype_HT,DRIVER_SHIFTS.NIGHT_SHIFT,23.1,10.483333333333333,3,102350.0,32816,32816.0,0.0,0,0,107217.70160000221,3123,2,2,26
0,36,2019_nissan_leaf_sl_plus_driver_vehtype_HT,DRIVER_SHIFTS.NIGHT_SHIFT,1.0,10.733333333333333,2,65363.0,30141,30141.0,0.0,0,0,73753.40941598178,3321,2,2,21
0,22,2019_fiat_500e_driver_vehtype_HT,DRIVER_SHIFTS.NIGHT_SHIFT,0.0,11.333333333333334,4,132522.0,33441,33441.0,0.0,0,0,170940.29400000005,3161,2,2,32
0,15,2019_fiat_500e_driver_vehtype_HT,DRIVER_SHIFTS.NIGHT_SHIFT,0.0,11.65,4,122949.0,33624,33624.0,0.0,0,0,184235.99730871787,4792,3,3,29
0,38,2019_nissan_leaf_sl_plus_driver_vehtype_HT,DRIVER_SHIFTS.NIGHT_SHIFT,1.0,11.666666666666666,4,130562.0,30194,30194.0,0.0,0,0,159435.80229661462,5074,3,3,19
0,35,2019_nissan_leaf_sl_plus_driver_vehtype_HT,DRIVER_SHIFTS.NIGHT_SHIFT,0.0,11.733333333333333,4,134299.0,34908,34908.0,0.0,0,0,170305.21808243843,2741,2,2,34
0,26,2019_fiat_500e_driver_vehtype_HT,DRIVER_SHIFTS.NIGHT_SHIFT,1.0166666666666666,11.783333333333333,4,128327.0,32851,32851.0,0.0,0,0,167097.41292616658,5555,4,4,21
0,37,2019_nissan_leaf_sl_plus_driver_vehtype_HT,DRIVER_SHIFTS.NIGHT_SHIFT,1.05,12.416666666666666,3,99315.0,34425,34425.0,0.0,0,0,116903.22085742795,4702,3,3,31
0,43,2019_nissan_leaf_sl_plus_driver_vehtype_HT,DRIVER_SHIFTS.NIGHT_SHIFT,1.0,12.6,2,63396.0,31972,31972.0,0.0,0,0,78858.53909683775,6421,4,4,27
0,16,2019_fiat_500e_driver_vehtype_HT,DRIVER_SHIFTS.NIGHT_SHIFT,0.0,12.633333333333333,3,97329.0,34129,34129.0,0.0,0,0,119844.86663697845,6836,5,5,29
0,49,2019_nissan_leaf_sl_plus_driver_vehtype_HT,DRIVER_SHIFTS.DAY_SHIFT,7.066666666666666,12.783333333333333,5,144000.0,14877,14877.0,0.0,0,0,221081.7932398847,2700,1,1,28
0,95,2022_bmw_i4_m50_driver_vehtype_HT,DRIVER_SHIFTS.DAY_SHIFT,7.033333333333333,12.783333333333333,5,144000.0,14579,14579.0,0.0,0,0,208553.91665555254,6129,4,4,25
0,74,2022_bmw_i4_m50_driver_vehtype_HT,DRIVER_SHIFTS.DAY_SHIFT,7.0,12.95,5,144000.0,17414,17414.0,0.0,0,0,215256.8258645934,2700,1,1,33
0,28,2019_fiat_500e_driver_vehtype_HT,DRIVER_SHIFTS.NIGHT_SHIFT,2.0166666666666666,13.1,4,126072.0,31491,31491.0,0.0,0,0,195006.43994423441,4192,3,3,30
0,17,2019_fiat_500e_driver_vehtype_HT,DRIVER_SHIFTS.NIGHT_SHIFT,1.0,13.283333333333333,4,136057.0,34526,34526.0,0.0,0,0,163800.27306252634,2700,1,1,37
0,88,2022_bmw_i4_m50_driver_vehtype_HT,DRIVER_SHIFTS.DAY_SHIFT,9.0,13.466666666666667,5,144000.0,11988,11988.0,0.0,0,0,198996.99977800017,0,0,0,20
0,97,2022_bmw_i4_m50_driver_vehtype_HT,DRIVER_SHIFTS.DAY_SHIFT,7.0,13.833333333333334,5,144000.0,14856,14856.0,0.0,0,0,212587.01049474409,6941,5,5,28
0,20,2019_fiat_500e_driver_vehtype_HT,DRIVER_SHIFTS.NIGHT_SHIFT,2.0,13.933333333333334,2,66421.0,33161,33161.0,0.0,0,0,83627.59680000115,6246,4,4,43
0,14,2019_fiat_500e_driver_vehtype_HT,DRIVER_SHIFTS.NIGHT_SHIFT,2.033333333333333,14.433333333333334,2,66454.0,33305,33305.0,0.0,0,0,83599.5564823424,6840,5,5,33
0,56,2019_nissan_leaf_sl_plus_driver_vehtype_HT,DRIVER_SHIFTS.DAY_SHIFT,11.0,14.5,5,144000.0,9420,9420.0,0.0,0,0,224358.9186929278,0,0,0,19
0,75,2022_bmw_i4_m50_driver_vehtype_HT,DRIVER_SHIFTS.DAY_SHIFT,8.0,14.566666666666666,5,144000.0,17491,17491.0,0.0,0,0,227798.81266653532,5927,4,4,40
0,11,2019_fiat_500e_driver_vehtype_HT,DRIVER_SHIFTS.NIGHT_SHIFT,3.0,14.8,4,130244.0,33131,33131.0,0.0,0,0,181138.9454400008,3454,2,2,43
0,40,2019_nissan_leaf_sl_plus_driver_vehtype_HT,DRIVER_SHIFTS.NIGHT_SHIFT,3.05,14.85,4,128322.0,32965,32965.0,0.0,0,0,194213.16720457823,6112,4,4,41
0,83,2022_bmw_i4_m50_driver_vehtype_HT,DRIVER_SHIFTS.DAY_SHIFT,8.0,15.066666666666666,5,144000.0,18748,18748.0,0.0,0,0,205446.0323279879,6298,4,4,28
0,64,2019_nissan_leaf_sl_plus_driver_vehtype_HT,DRIVER_SHIFTS.DAY_SHIFT,8.0,15.116666666666667,5,144000.0,16126,16126.0,0.0,0,0,229886.44566103368,7678,5,5,36
0,21,2019_fiat_500e_driver_vehtype_HT,DRIVER_SHIFTS.NIGHT_SHIFT,3.0,15.166666666666666,4,133752.0,35128,35128.0,0.0,0,0,181627.3686400014,2700,1,1,52
0,31,2019_fiat_500e_driver_vehtype_HT,DRIVER_SHIFTS.NIGHT_SHIFT,3.0,15.4,3,96771.0,32913,32913.0,0.0,0,0,129823.97244889356,4800,3,3,43
0,81,2022_bmw_i4_m50_driver_vehtype_HT,DRIVER_SHIFTS.DAY_SHIFT,12.116666666666667,15.633333333333333,5,144000.0,12696,12696.0,0.0,0,0,248569.03094244655,0,0,0,30
0,91,2022_bmw_i4_m50_driver_vehtype_HT,DRIVER_SHIFTS.DAY_SHIFT,9.0,15.75,5,144000.0,18916,18916.0,0.0,0,0,218079.61994598416,3927,3,3,36
0,60,2019_nissan_leaf_sl_plus_driver_vehtype_HT,DRIVER_SHIFTS.DAY_SHIFT,10.0,15.916666666666666,5,144000.0,15123,15123.0,0.0,0,0,227654.1436362903,3011,2,2,31
0,86,2022_bmw_i4_m50_driver_vehtype_HT,DRIVER_SHIFTS.DAY_SHIFT,8.0,15.966666666666667,5,144000.0,21372,21372.0,0.0,0,0,280872.0705123786,7206,5,5,30
0,69,2022_bmw_i4_m50_driver_vehtype_HT,DRIVER_SHIFTS.DAY_SHIFT,8.05,16.083333333333332,5,144000.0,21288,21288.0,0.0,0,0,226857.80891210714,5062,3,3,43
0,55,2019_nissan_leaf_sl_plus_driver_vehtype_HT,DRIVER_SHIFTS.DAY_SHIFT,8.033333333333333,16.2,5,144000.0,20206,20206.0,0.0,0,0,228059.46054805952,6300,4,4,35
0,46,2019_nissan_leaf_sl_plus_driver_vehtype_HT,DRIVER_SHIFTS.DAY_SHIFT,9.05,16.366666666666667,5,144000.0,19590,19590.0,0.0,0,0,215293.19715954736,6586,4,4,42
0,65,2019_nissan_leaf_sl_plus_driver_vehtype_HT,DRIVER_SHIFTS.DAY_SHIFT,9.0,16.366666666666667,5,144000.0,18566,18566.0,0.0,0,0,225161.6759310718,7778,5,5,27
0,87,2022_bmw_i4_m50_driver_vehtype_HT,DRIVER_SHIFTS.DAY_SHIFT,6.0,17.083333333333332,3,92782.0,29968,29968.0,0.0,0,0,97595.44040092692,6557,4,4,56
0,85,2022_bmw_i4_m50_driver_vehtype_HT,DRIVER_SHIFTS.DAY_SHIFT,12.0,17.216666666666665,5,144000.0,14622,14622.0,0.0,0,0,233671.54694145115,3305,2,2,29
0,70,2022_bmw_i4_m50_driver_vehtype_HT,DRIVER_SHIFTS.DAY_SHIFT,10.0,17.683333333333334,5,144000.0,19534,19534.0,0.0,0,0,240481.2342709127,2700,1,1,34
0,78,2022_bmw_i4_m50_driver_vehtype_HT,DRIVER_SHIFTS.DAY_SHIFT,6.0,17.816666666666666,3,94700.0,31770,31770.0,0.0,0,0,105515.91625181309,6121,4,4,47
0,80,2022_bmw_i4_m50_driver_vehtype_HT,DRIVER_SHIFTS.DAY_SHIFT,7.0,18.066666666666666,3,94100.0,30443,30443.0,0.0,0,0,107716.43072498676,4159,3,3,58
0,50,2019_nissan_leaf_sl_plus_driver_vehtype_HT,DRIVER_SHIFTS.DAY_SHIFT,9.0,18.216666666666665,5,144000.0,23437,23437.0,0.0,0,0,242172.1972485171,7817,5,5,53
0,93,2022_bmw_i4_m50_driver_vehtype_HT,DRIVER_SHIFTS.DAY_SHIFT,7.0,18.933333333333334,3,99234.0,32169,32169.0,0.0,0,0,108374.04039925155,7597,5,5,63
0,73,2022_bmw_i4_m50_driver_vehtype_HT,DRIVER_SHIFTS.DAY_SHIFT,12.0,19.033333333333335,5,144000.0,15389,15389.0,0.0,0,0,226696.39190992332,7545,5,5,35
0,67,2022_bmw_i4_m50_driver_vehtype_HT,DRIVER_SHIFTS.DAY_SHIFT,8.0,19.35,3,93561.0,31507,31507.0,0.0,0,0,109042.51428235321,5862,4,4,57
0,79,2022_bmw_i4_m50_driver_vehtype_HT,DRIVER_SHIFTS.DAY_SHIFT,10.0,20.483333333333334,3,91962.0,29440,29440.0,0.0,0,0,124972.82531040878,2954,2,2,63
0,48,2019_nissan_leaf_sl_plus_driver_vehtype_HT,DRIVER_SHIFTS.DAY_SHIFT,9.0,20.733333333333334,3,104178.0,32921,32921.0,0.0,0,0,109713.93946700662,2700,1,1,82
0,90,2022_bmw_i4_m50_driver_vehtype_HT,DRIVER_SHIFTS.DAY_SHIFT,11.0,22.366666666666667,3,99160.0,30668,30668.0,0.0,0,0,117726.32789074181,7601,5,5,47
0,77,2022_bmw_i4_m50_driver_vehtype_HT,DRIVER_SHIFTS.DAY_SHIFT,11.0,22.716666666666665,3,97868.0,31574,31574.0,0.0,0,0,116308.24678629493,6257,4,4,58
0,47,2019_nissan_leaf_sl_plus_driver_vehtype_HT,DRIVER_SHIFTS.DAY_SHIFT,11.066666666666666,23.0,3,98249.0,32203,32203.0,0.0,0,0,122332.88654407565,4491,3,3,59
0,61,2019_nissan_leaf_sl_plus_driver_vehtype_HT,DRIVER_SHIFTS.DAY_SHIFT,11.033333333333333,23.016666666666666,3,99203.0,33872,33872.0,0.0,0,0,137496.1230315819,2700,1,1,77
0,89,2022_bmw_i4_m50_driver_vehtype_HT,DRIVER_SHIFTS.DAY_SHIFT,12.05,23.966666666666665,3,95245.0,31075,31075.0,0.0,0,0,136727.1801505479,6528,4,4,70
0,59,2019_nissan_leaf_sl_plus_driver_vehtype_HT,DRIVER_SHIFTS.DAY_SHIFT,12.0,23.983333333333334,3,93065.0,31661,31661.0,0.0,0,0,136321.33224753206,7933,5,5,64
0,99,2022_bmw_i4_m50_driver_vehtype_HT,DRIVER_SHIFTS.DAY_SHIFT,12.0,0.03333333333333333,3,98034.0,32038,32038.0,0.0,0,0,135612.65724074905,7583,5,5,60
0,35,2019_nissan_leaf_sl_plus_driver_vehtype_HT,DRIVER_SHIFTS.NIGHT_SHIFT,21.0,0.55,5,144000.0,9701,9701.0,0.0,0,0,206622.07170671597,0,0,0,17
0,94,2022_bmw_i4_m50_driver_vehtype_HT,DRIVER_SHIFTS.DAY_SHIFT,12.0,0.6,3,96161.0,34218,34218.0,0.0,0,0,132874.3518283147,4132,3,3,58
0,41,2019_nissan_leaf_sl_plus_driver_vehtype_HT,DRIVER_SHIFTS.NIGHT_SHIFT,20.0,0.65,5,144000.0,13501,13501.0,0.0,0,0,213773.99775378263,0,0,0,22
0,22,2019_fiat_500e_driver_vehtype_HT,DRIVER_SHIFTS.NIGHT_SHIFT,21.05,0.9666666666666667,5,144000.0,11478,11478.0,0.0,0,0,209629.43591999979,0,0,0,18
0,76,2022_bmw_i4_m50_driver_vehtype_HT,DRIVER_SHIFTS.DAY_SHIFT,12.0,0.9666666666666667,3,99214.0,34230,34230.0,0.0,0,0,126500.42507600262,2700,1,1,56
0,17,2019_fiat_500e_driver_vehtype_HT,DRIVER_SHIFTS.NIGHT_SHIFT,23.05,1.2666666666666666,5,144000.0,7943,7943.0,0.0,0,0,200999.05043379005,0,0,0,4
0,26,2019_fiat_500e_driver_vehtype_HT,DRIVER_SHIFTS.NIGHT_SHIFT,20.116666666666667,1.7666666666666666,5,144000.0,15673,15673.0,0.0,0,0,202907.62427488956,3426,2,2,14
0,42,2019_nissan_leaf_sl_plus_driver_vehtype_HT,DRIVER_SHIFTS.NIGHT_SHIFT,20.0,3.4166666666666665,5,144000.0,20197,20197.0,0.0,0,0,206337.14986235893,6366,4,4,16
0,30,2019_fiat_500e_driver_vehtype_HT,DRIVER_SHIFTS.NIGHT_SHIFT,22.033333333333335,3.75,5,144000.0,17227,17227.0,0.0,0,0,206077.67591789793,2994,2,2,12
0,45,2019_nissan_leaf_sl_plus_driver_vehtype_HT,DRIVER_SHIFTS.NIGHT_SHIFT,23.0,4.15,5,144000.0,15292,15292.0,0.0,0,0,230489.09069094984,3251,2,2,5
0,21,2019_fiat_500e_driver_vehtype_HT,DRIVER_SHIFTS.NIGHT_SHIFT,2.1,4.95,5,144000.0,10248,10248.0,0.0,0,0,222087.24712000322,0,0,0,0
0,11,2019_fiat_500e_driver_vehtype_HT,DRIVER_SHIFTS.NIGHT_SHIFT,2.0166666666666666,5.85,5,144000.0,13756,13756.0,0.0,0,0,222827.17016000205,0,0,0,1
0,40,2019_nissan_leaf_sl_plus_driver_vehtype_HT,DRIVER_SHIFTS.NIGHT_SHIFT,0.0,5.966666666666667,5,144000.0,15678,15678.0,0.0,0,0,232918.16720457823,5765,4,4,0
0,37,2019_nissan_leaf_sl_plus_driver_vehtype_HT,DRIVER_SHIFTS.NIGHT_SHIFT,20.05,6.15,4,132699.0,33384,33384.0,0.0,0,0,149990.80937326595,2700,1,1,18
0,7,2019_fiat_500e_driver_vehtype_HT,DRIVER_SHIFTS.NIGHT_SHIFT,2.0,6.333333333333333,5,144000.0,13979,13979.0,0.0,0,0,216547.89080000002,0,0,0,2
0,38,2019_nissan_leaf_sl_plus_driver_vehtype_HT,DRIVER_SHIFTS.NIGHT_SHIFT,3.0,6.733333333333333,5,144000.0,13438,13438.0,0.0,0,0,214635.80229661462,0,0,0,2
0,5,2019_fiat_500e_driver_vehtype_HT,DRIVER_SHIFTS.NIGHT_SHIFT,20.033333333333335,7.666666666666667,4,134285.0,35570,35570.0,0.0,0,0,240163.94944000122,3138,2,2,44
0,0,2019_fiat_500e_driver_vehtype_HT,DRIVER_SHIFTS.NIGHT_SHIFT,20.0,7.866666666666666,4,131790.0,35831,35831.0,0.0,0,0,147294.54103061627,4650,3,3,25
0,24,2019_fiat_500e_driver_vehtype_HT,DRIVER_SHIFTS.NIGHT_SHIFT,3.0,8.016666666666667,5,144000.0,14967,14967.0,0.0,0,0,223347.48047404297,3044,2,2,10
0,28,2019_fiat_500e_driver_vehtype_HT,DRIVER_SHIFTS.NIGHT_SHIFT,2.0,8.266666666666667,5,144000.0,17928,17928.0,0.0,0,0,245902.85578423442,3136,2,2,7
0,12,2019_fiat_500e_driver_vehtype_HT,DRIVER_SHIFTS.NIGHT_SHIFT,22.0,8.916666666666666,4,130549.0,32260,32260.0,0.0,0,0,157457.30661294246,2700,1,1,24
0,15,2019_fiat_500e_driver_vehtype_HT,DRIVER_SHIFTS.NIGHT_SHIFT,2.0,10.383333333333333,5,144000.0,21051,21051.0,0.0,0,0,244502.13330871833,6004,4,4,23
0,29,2019_fiat_500e_driver_vehtype_HT,DRIVER_SHIFTS.NIGHT_SHIFT,3.0,11.216666666666667,5,144000.0,22260,22260.0,0.0,0,0,233126.932311764,4432,3,3,25
0,4,2019_fiat_500e_driver_vehtype_HT,DRIVER_SHIFTS.NIGHT_SHIFT,3.0,11.333333333333334,5,144000.0,20631,20631.0,0.0,0,0,240195.02560000092,7622,5,5,23
0,3,2019_fiat_500e_driver_vehtype_HT,DRIVER_SHIFTS.NIGHT_SHIFT,0.06666666666666667,11.666666666666666,4,127830.0,31853,31853.0,0.0,0,0,170218.11064000145,7223,5,5,38
0,43,2019_nissan_leaf_sl_plus_driver_vehtype_HT,DRIVER_SHIFTS.NIGHT_SHIFT,1.0,12.166666666666666,3,94996.0,31600,31600.0,0.0,0,0,131906.14813036434,2700,1,1,31
0,2,2019_fiat_500e_driver_vehtype_HT,DRIVER_SHIFTS.NIGHT_SHIFT,0.0,12.266666666666667,4,135473.0,33123,33123.0,0.0,0,0,166353.6641600027,2700,1,1,36
0,23,2019_fiat_500e_driver_vehtype_HT,DRIVER_SHIFTS.NIGHT_SHIFT,2.0,12.466666666666667,3,97000.0,29076,29076.0,0.0,0,0,123088.21902011706,2700,1,1,29
0,20,2019_fiat_500e_driver_vehtype_HT,DRIVER_SHIFTS.NIGHT_SHIFT,1.0,12.55,3,98641.0,32220,32220.0,0.0,0,0,132380.44384000124,7458,5,5,36
0,16,2019_fiat_500e_driver_vehtype_HT,DRIVER_SHIFTS.NIGHT_SHIFT,1.0,12.6,4,130655.0,33326,33326.0,0.0,0,0,172046.07719697958,4143,3,3,37
0,36,2019_nissan_leaf_sl_plus_driver_vehtype_HT,DRIVER_SHIFTS.NIGHT_SHIFT,2.066666666666667,14.0,3,98788.0,33425,33425.0,0.0,0,0,142373.24719496944,5227,3,3,36
0,14,2019_fiat_500e_driver_vehtype_HT,DRIVER_SHIFTS.NIGHT_SHIFT,3.0,14.166666666666666,3,98413.0,31959,31959.0,0.0,0,0,136310.8643223444,3059,2,2,38
0,31,2019_fiat_500e_driver_vehtype_HT,DRIVER_SHIFTS.NIGHT_SHIFT,3.0,15.65,4,131647.0,34876,34876.0,0.0,0,0,181370.98236889415,3283,2,2,51
0,59,2019_nissan_leaf_sl_plus_driver_vehtype_HT,DRIVER_SHIFTS.DAY_SHIFT,6.016666666666667,16.133333333333333,4,121962.0,28897,28897.0,0.0,0,0,168316.36188986292,5627,4,4,46
0,87,2022_bmw_i4_m50_driver_vehtype_HT,DRIVER_SHIFTS.DAY_SHIFT,7.0,18.25,4,123417.0,30635,30635.0,0.0,0,0,157322.70955722174,4302,3,3,61
0,79,2022_bmw_i4_m50_driver_vehtype_HT,DRIVER_SHIFTS.DAY_SHIFT,9.0,19.316666666666666,4,120985.0,29023,29023.0,0.0,0,0,177866.44236170428,6302,4,4,59
0,93,2022_bmw_i4_m50_driver_vehtype_HT,DRIVER_SHIFTS.DAY_SHIFT,7.0,19.933333333333334,4,132233.0,32999,32999.0,0.0,0,0,164984.71825407515,7271,5,5,66
0,47,2019_nissan_leaf_sl_plus_driver_vehtype_HT,DRIVER_SHIFTS.DAY_SHIFT,8.0,19.966666666666665,4,131840.0,33591,33591.0,0.0,0,0,163683.2941145966,3049,2,2,63
0,94,2022_bmw_i4_m50_driver_vehtype_HT,DRIVER_SHIFTS.DAY_SHIFT,8.0,20.516666666666666,4,130303.0,34142,34142.0,0.0,0,0,170018.82053513845,6990,5,5,69
0,67,2022_bmw_i4_m50_driver_vehtype_HT,DRIVER_SHIFTS.DAY_SHIFT,9.05,20.883333333333333,4,126264.0,32703,32703.0,0.0,0,0,172117.97537800076,3143,2,2,63
0,80,2022_bmw_i4_m50_driver_vehtype_HT,DRIVER_SHIFTS.DAY_SHIFT,9.033333333333333,20.883333333333333,4,124998.0,30898,30898.0,0.0,0,0,177247.46474192146,7581,5,5,65
0,89,2022_bmw_i4_m50_driver_vehtype_HT,DRIVER_SHIFTS.DAY_SHIFT,8.0,21.083333333333332,4,130790.0,35545,35545.0,0.0,0,0,176678.49333843082,4358,3,3,88
0,76,2022_bmw_i4_m50_driver_vehtype_HT,DRIVER_SHIFTS.DAY_SHIFT,10.0,21.1,4,128055.0,28841,28841.0,0.0,0,0,169808.91746335625,7234,5,5,59
0,99,2022_bmw_i4_m50_driver_vehtype_HT,DRIVER_SHIFTS.DAY_SHIFT,9.0,21.483333333333334,4,133354.0,35320,35320.0,0.0,0,0,177198.96817769096,4530,3,3,69
0,78,2022_bmw_i4_m50_driver_vehtype_HT,DRIVER_SHIFTS.DAY_SHIFT,11.0,21.716666666666665,4,123519.0,28819,28819.0,0.0,0,0,176965.62875455944,6618,4,4,61
0,48,2019_nissan_leaf_sl_plus_driver_vehtype_HT,DRIVER_SHIFTS.DAY_SHIFT,11.033333333333333,22.133333333333333,4,133186.0,29008,29008.0,0.0,0,0,174687.00779817562,6766,5,5,62
0,77,2022_bmw_i4_m50_driver_vehtype_HT,DRIVER_SHIFTS.DAY_SHIFT,10.033333333333333,22.166666666666668,4,130696.0,32828,32828.0,0.0,0,0,171976.04627176674,4177,3,3,70
0,90,2022_bmw_i4_m50_driver_vehtype_HT,DRIVER_SHIFTS.DAY_SHIFT,10.0,22.7,4,130751.0,31591,31591.0,0.0,0,0,173292.84260727128,5075,3,3,71
0,2,2019_fiat_500e_driver_vehtype_HT,DRIVER_SHIFTS.NIGHT_SHIFT,20.066666666666666,23.25,5,144000.0,8527,8527.0,0.0,0,0,198413.76296000482,0,0,0,18
